Action,Phone_Canonical_ID,Phone,Sensor_Canonical_ID,Camera_Role,Source_URL,Confidence,Evidence,Notes
keep,PHONE:IPHONE12,iPhone 12,SONY:IMX503,Rear Main,https://imagesensor-info.com/en/405/,Medium,imagesensor-info: 'the wide-angle camera of the iPhone 12 uses a Sony-made image sensor called the IMX503'; spec 12MP 1.4um matches iPhone 12 wide. helpix IMX503 page lists only iPhone 11 series.,Apple-exclusive sensor carried over from iPhone 11; TechInsights iPhone 12 Pro wide PKG/DEF report exists (paywalled) - could confirm.
keep,PHONE:IPHONE15,iPhone 15,SONY:IMX904,Rear Main,https://www.techinsights.com/blog/iphone-15-rear-camera-sony-2-layer-device-essentials-folder,High,"TechInsights: 'The Sony IMX904, 1/1.56in Format, 48 MP, 1.00 um ... (Exmor T - 2 Layer Transistor Pixel)' from Apple iPhone 15 wide-angle rear camera.",
needs_human,PHONE:IPHONE16PLUS,iPhone 16 Plus,SONY:IMX633,Rear Ultra-wide,https://helpix.ru/isensor/sony_imx633/,Medium,helpix IMX633 page (12MP 1.4um) lists Apple iPhone 16 rear ultra-wide (plus 14 Pro/15 Pro series); iPhone 16 Plus not listed and helpix iPhone 16 Plus page names no sensors.,Plausible (16 Plus shares iPhone 16 camera hardware) but no direct source for 16 Plus; main camera (likely IMX904 per helpix iPhone 16) is missing from DB for this phone.
remove,PHONE:IPHONE17,iPhone 17,SONY:IMX973,,https://helpix.ru/apple/iphone_17/,High,"helpix iPhone 17 page: main 'Sony IMX904', ultra-wide '48 MP, 1/2.55in, 0.70um, Sony IMX972', front 'Sony IMX914'. helpix IMX973 page lists only iPhone 17 Pro/Pro Max and 18 Pro/Pro Max (telephoto).",Correct sensor for iPhone 17 ultra-wide is SONY:IMX972 (IMX973 is the 17 Pro tele).
add,PHONE:IPHONE17,iPhone 17,SONY:IMX972,Rear Ultra-wide,https://helpix.ru/apple/iphone_17/,High,"helpix iPhone 17: '48 MP, ultra-wide, f/2.2, 1/2.55in, 0.70um, Sony IMX972'.",
add,PHONE:IPHONE17,iPhone 17,SONY:IMX914,Front Main,https://helpix.ru/apple/iphone_17/,High,"helpix iPhone 17: front '18 MP, f/1.9, Sony IMX914'.",
keep,PHONE:PIXEL9A,Pixel 9a,SONY:IMX712,Front Main + Rear Ultra-wide,https://www.fonearena.com/blog/452198/google-pixel-9a-review.html,Medium,"FoneArena Pixel 9a review: ultra-wide 'Sony IMX712 sensor, f/2.2'; front 'Sony IMX712 sensor, 96.5deg, f/2.2'. helpix Pixel 9a page names only GN8 main.",Single review source; consistent with helpix listing IMX712 as Pixel 10 UW and Pixel 7a UW+front.
needs_human,PHONE:PIXEL8A,Pixel 8a,SONY:IMX712,Front Main + Rear Ultra-wide,https://www.androidauthority.com/google-pixel-8a-specs-exclusive-3426314/,Medium,"Only pre-release leak (Android Authority, 'source inside Google'): ultrawide and selfie 'Sony IMX712 (13 MP)'. GSMArena 8a review names IMX787 main only; helpix 8a page names no UW/front sensor.",Likely correct (same 13MP 1.12um UW/front as Pixel 7a where helpix lists IMX712) but no teardown/review confirmation found.
needs_human,PHONE:PIXEL7A,Google Pixel 7a,SONY:IMX787,Rear Main,https://www.gsmarena.com/google_pixel_7a-review-2573p5.php,Medium,"GSMArena 7a review: 64MP 1/1.73in 0.8um Quad Bayer, 'not listed explicitly and hardware apps don't report which one it is precisely'. GSMArena 8a review names '64MP Sony IMX 787' with identical specs; helpix IMX787 page lists Pixel 8a but not 7a.",Very likely IMX787 (7a/8a share main camera) but no direct source for 7a; TechInsights 7a teardown is paywalled.
remove,PHONE:PIXEL10,Pixel 10,SAMSUNG:GNV,,https://helpix.ru/google/pixel_10/,High,"helpix Pixel 10: main '48 MP, f/1.7, 1/2.00in, 0.80um, Samsung ISOCELL GN8, OIS'. GSMArena Pixel 10 review: main 48MP 1/2.0in 0.8um (GNV is the 50MP 1/1.31in Pixel 8/9 main).",Correct main sensor is SAMSUNG:GN8.
add,PHONE:PIXEL10,Pixel 10,SAMSUNG:GN8,Rear Main,https://helpix.ru/google/pixel_10/,High,helpix Pixel 10: main 'Samsung ISOCELL GN8'.,
add,PHONE:PIXEL10,Pixel 10,SAMSUNG:3J1,Front Main + Rear Telephoto,https://helpix.ru/google/pixel_10/,High,"helpix Pixel 10: tele '10.8 MP, f/3.1, 1/3.20in, Samsung ISOCELL 3J1, 5X'; front '10.5 MP, f/2.2, Samsung ISOCELL 3J1'.",
needs_human,PHONE:PIXEL9PRO,Google Pixel 9 Pro,SONY:IMX858,,https://helpix.ru/google/pixel_9_pro/,Medium,"Conflict: helpix Pixel 9 Pro page names UW '48 MP, 1/2.55in, Samsung ISOCELL GM5' and tele '48 MP, 1/2.55in, Samsung ISOCELL GM5, 5X'; helpix IMX858 page does not list Pixel 9 Pro (lists Pixel 10 Pro/XL). Pre-release leaks claimed IMX858 for UW/tele/front. GSMArena 9 Pro XL review gives UW/tele 48MP 1/2.55in, front 42MP, no part numbers.","If helpix is right, replace with SAMSUNG:GM5 (Rear Ultra-wide + Rear Telephoto). IMX858 may still be the 42MP front? unverified. Needs teardown (TechInsights)."
add,PHONE:PIXEL9PRO,Google Pixel 9 Pro,SAMSUNG:GNK,Rear Main,https://helpix.ru/google/pixel_9_pro/,High,"helpix Pixel 9 Pro: main '50 MP, f/1.68, 1/1.31in, Samsung ISOCELL GNK, OIS'.",Main camera sensor missing from DB for this phone.
needs_human,PHONE:PIXELFOLD,Google Pixel Fold,SONY:IMX586,,https://x.com/mweinbach/status/1673740674108211200,Medium,"No source found tying IMX586 to Pixel Fold (only spinformation). Firmware dump reported by Max Weinbach: 'Main: IMX787, Tele: S5K3J1, UW: IMX386, Inner selfie: IMX355, Outer selfie: S5K3J1' (48MP = cropped IMX787). helpix Pixel Fold page names no sensors.","Likely wrong; probable correct main = SONY:IMX787, tele/outer selfie = SAMSUNG:3J1 - but only tipster/firmware evidence, needs teardown confirmation."
remove,PHONE:GALAXYS24ULTRA,Galaxy S24 Ultra,SONY:IMX564,,https://www.gsmarena.com/samsung_galaxy_s24_ultra-review-2670p5.php,High,"GSMArena S24 Ultra review: 'Ultrawide: 12MP Sony IMX563 (1/2.55in, 1.4um), f/2.2'. helpix IMX563 page lists Galaxy S24 Ultra rear ultra-wide; helpix IMX564 page lists S23/S25 series but not S24 Ultra.",Correct ultra-wide sensor is SONY:IMX563.
add,PHONE:GALAXYS24ULTRA,Galaxy S24 Ultra,SONY:IMX563,Rear Ultra-wide,https://www.gsmarena.com/samsung_galaxy_s24_ultra-review-2670p5.php,High,GSMArena: 'Ultrawide: 12MP Sony IMX563'; helpix IMX563 page: Galaxy S24 Ultra rear ultra-wide.,
add,PHONE:GALAXYS24ULTRA,Galaxy S24 Ultra,SONY:IMX754,Rear Telephoto,https://www.gsmarena.com/samsung_galaxy_s24_ultra-review-2670p5.php,High,"GSMArena: 'Telephoto 1, 3x: 12MP Sony IMX754 (1/3.52in, 1.12um), f/2.4, 67mm'.",3x telephoto; IMX854 is the existing 5x tele mapping.
add,PHONE:GALAXYS24ULTRA,Galaxy S24 Ultra,SAMSUNG:3LU,Front Main,https://www.gsmarena.com/samsung_galaxy_s24_ultra-review-2670p5.php,High,"GSMArena: 'Front camera: 12MP Samsung ISOCELL S5K3LU (1/3.2in, 1.12um), f/2.2, 26mm'.",
remove,PHONE:GALAXYZFLIP4,Galaxy Z Flip4,SONY:IMX563,,https://www.gsmarena.com/samsung_galaxy_z_flip4-review-2467p5.php,High,"GSMArena Z Flip4 review: main 'Samsung S5K2LD 12MP sensor ... 1.8um ... 1/1.76in', ultrawide '13MP Sony IMX258', selfie '10MP Samsung S5K3J1'. helpix IMX563 page lists Z Flip3 (main) but not Z Flip4.","IMX563 was the Z Flip3 main. Correct: main SAMSUNG:2LD, UW Sony IMX258 (not in DB), selfie SAMSUNG:3J1."
add,PHONE:GALAXYZFLIP4,Galaxy Z Flip4,SAMSUNG:2LD,Rear Main,https://www.gsmarena.com/samsung_galaxy_z_flip4-review-2467p5.php,High,"GSMArena: 'Samsung S5K2LD 12MP sensor, behind a 24mm f/1.8 lens'.",
add,PHONE:GALAXYZFLIP4,Galaxy Z Flip4,SAMSUNG:3J1,Front Main,https://www.gsmarena.com/samsung_galaxy_z_flip4-review-2467p5.php,High,GSMArena: '10MP Samsung S5K3J1 sensor' selfie.,
remove,PHONE:FINDX8PRO,OPPO Find X8 Pro,SONY:LYTIA 506,,https://www.gsmarena.com/oppo_find_x8_pro-review-2766p5.php,High,"GSMArena Find X8 Pro review lists: main 'Sony LYT-808', UW 'Samsung ISOCELL JN5', 3x 'Sony LYT-600', 6x 'Sony IMX858', selfie '32MP Sony IMX615 (1/2.74in, 0.8um)'. helpix Find X8 Pro page identical. helpix LYT-506 page lists only OPPO Find X8 Ultra, Find X7, Find X7 Ultra (front main).",Selfie on Find X8 Pro is SONY:IMX615; LYT-506 (same 32MP 1/2.74 0.8um spec) is the Find X8 Ultra / Find X7 front sensor - likely model mix-up.
add,PHONE:FINDX8PRO,OPPO Find X8 Pro,SONY:IMX615,Front Main,https://www.gsmarena.com/oppo_find_x8_pro-review-2766p5.php,High,GSMArena: 'Selfie: 32MP Sony IMX615 (1/2.74in)'; helpix: front 'Sony IMX615'.,
add,PHONE:FINDX8PRO,OPPO Find X8 Pro,SONY:LYTIA 600 / IMX882,Rear Telephoto,https://www.gsmarena.com/oppo_find_x8_pro-review-2766p5.php,High,"GSMArena: 'Telephoto 3x: 50MP Sony LYT-600 (1/1.95in), periscope, f/2.6, 73mm'.",DB also has separate SONY:IMX882 entry (duplicate of LYTIA 600).
add,PHONE:FINDX8PRO,OPPO Find X8 Pro,SONY:IMX858,Rear Telephoto,https://www.gsmarena.com/oppo_find_x8_pro-review-2766p5.php,High,"GSMArena: 'Telephoto 6x: 50MP Sony IMX858 (1/2.51in), periscope, f/4.3, 135mm'; helpix IMX858 page lists Find X8 Pro tele.",
add,PHONE:FINDX8PRO,OPPO Find X8 Pro,SAMSUNG:JN5,Rear Ultra-wide,https://www.gsmarena.com/oppo_find_x8_pro-review-2766p5.php,High,GSMArena: 'Ultrawide: 50MP Samsung ISOCELL JN5 (1/2.76in)'.,
remove,PHONE:POCOF7,POCO F7,OMNIVISION:Light Hunter / Light Fusion 800,,https://www.gsmarena.com/poco_f7-review-2846p5.php,High,"GSMArena POCO F7 review: main '50MP Sony IMX882 (1/1.95in, 0.8um) f/1.5', UW '8MP OmniVision OV08F', front '20MP OmniVision OV20B'. helpix POCO F7 page identical (main 'Sony IMX882').",Main is already mapped as SONY:LYTIA 600 / IMX882. Light Hunter 800 probably belongs to POCO F7 Ultra (Redmi K80 Pro rebrand) - unverified.
add,PHONE:POCOF7,POCO F7,OMNIVISION:OV20B,Front Main,https://www.gsmarena.com/poco_f7-review-2846p5.php,High,GSMArena: 'front 20MP OmniVision OV20B (1/4.0in)'; helpix: front 'OmniVision OV20B'.,
needs_human,PHONE:MAGIC6,HONOR Magic 6,OMNIVISION:OVH9000 / OV50H,Rear Main,https://helpix.ru/honor/magic6/,Medium,"helpix Magic6 page: main '50 MP, f/1.9, 1/1.30in, OIS' - no sensor name. GSMArena identifies H9000 (OV50H-based) only for Magic6 Pro. No review/teardown found naming the base (China-only) Magic6 main sensor.",Plausible (1/1.3in 50MP matches H9000) but base-model source missing; only spinformation.
needs_human,PHONE:MAGIC7,HONOR Magic 7,OMNIVISION:OVH9000 / OV50H,Rear Main,https://helpix.ru/honor/magic7/,Medium,"helpix Magic7 page: main '50 MP, f/1.9, 1/1.30in, 1.20um, OIS' - no sensor name. H9000 (OV50H-based) documented only for Magic7 Pro. No source for base Magic7.",Plausible but unconfirmed; JN1 mapping for this phone is likewise unsourced beyond spinformation.
remove,PHONE:REALMEGT6,Realme GT6,SAMSUNG:GN5,,https://www.gsmarena.com/realme_gt_6-review-2712p5.php,High,"GSMArena Realme GT 6 review: main '50MP Sony LYT-808, 1/1.4in', UW '8MP Sony IMX355', tele '50MP Samsung ISOCELL JN5, 1/2.8in', front 'Sony IMX 615'. No GN5.",Correct main is SONY:LYTIA 808 / IMX966 (global GT 6; GT6 China uses IMX890).
add,PHONE:REALMEGT6,Realme GT6,SONY:LYTIA 808 / IMX966,Rear Main,https://www.gsmarena.com/realme_gt_6-review-2712p5.php,High,"GSMArena: 'Wide (main): 50MP Sony LYT-808, 1/1.4in, 1.12um, f/1.7, 23mm, OIS'.",
add,PHONE:REALMEGT6,Realme GT6,SAMSUNG:JN5,Rear Telephoto,https://www.gsmarena.com/realme_gt_6-review-2712p5.php,High,"GSMArena: 'Telephoto: 50MP Samsung ISOCELL JN5, 1/2.8in f/2.0, 47mm, OIS'.",
add,PHONE:REALMEGT6,Realme GT6,SONY:IMX355,Rear Ultra-wide,https://www.gsmarena.com/realme_gt_6-review-2712p5.php,High,"GSMArena: 'Ultrawide: 8MP Sony IMX355, 1/4.0in, 1.12um, f/2.2, 112deg'.",
add,PHONE:REALMEGT6,Realme GT6,SONY:IMX615,Front Main,https://www.gsmarena.com/realme_gt_6-review-2712p5.php,High,"GSMArena: 'Front camera: Sony IMX 615 1/2.74in, 0.8um, f/2.5'.",
remove,PHONE:X300ULTRA,vivo X300 Ultra,SAMSUNG:HPB,,https://www.gsmarena.com/vivo_x300_ultra-review-2957p5.php,High,GSMArena X300 Ultra review: 'Telephoto: 200MP Samsung ISOCELL HP0 (1/1.4in)... a new version Samsung calls HP0'; helpix X300 Ultra: tele 'Samsung ISOCELL HP0'. No HPB camera on X300 Ultra.,Correct telephoto sensor is SAMSUNG:HP0.
add,PHONE:X300ULTRA,vivo X300 Ultra,SAMSUNG:HP0,Rear Telephoto,https://www.gsmarena.com/vivo_x300_ultra-review-2957p5.php,High,"GSMArena: 'Telephoto: 200MP Samsung ISOCELL HP0 (1/1.4in); 85mm, f/2.7'; helpix identical.",
add,PHONE:X300ULTRA,vivo X300 Ultra,SAMSUNG:JN5,Front Main,https://www.gsmarena.com/vivo_x300_ultra-review-2957p5.php,High,GSMArena: 'Selfie Camera: 50MP Samsung ISOCELL JN5 (1/2.76in)'; helpix front 'Samsung ISOCELL JN5'.,
remove,PHONE:ONEPLUS10PRO,OnePlus 10 Pro,SONY:IMX471,,https://www.xda-developers.com/oneplus-10-pro-camera-review/,High,"XDA OnePlus 10 Pro camera review: 'Front Camera: 32MP, Sony IMX615'; GSMArena: main 'Sony Exmor IMX789', UW 'Samsung ISOCELL JN1', tele '8-megapixel OmniVision OV08A10', selfie 32MP. IMX471 (16MP) was the OnePlus 7 Pro/9 Pro-era selfie, not the 10 Pro's 32MP.",Correct front sensor is SONY:IMX615.
add,PHONE:ONEPLUS10PRO,OnePlus 10 Pro,SONY:IMX615,Front Main,https://www.xda-developers.com/oneplus-10-pro-camera-review/,High,"XDA: 'Front Camera: 32MP, Sony IMX615'.",
add,PHONE:ONEPLUS10PRO,OnePlus 10 Pro,SAMSUNG:JN1,Rear Ultra-wide,https://www.gsmarena.com/oneplus_10_pro_review-review-2401p5.php,High,"GSMArena: 'ultrawide is a Samsung ISOCELL JN1, a 50-megapixel sensor ... 150 degree'; XDA: 'Samsung S5KJN1SQ03'; PetaPixel: 'Samsung's JN1 sensor'.",
add,PHONE:ONEPLUS10PRO,OnePlus 10 Pro,OMNIVISION:OV08A10,Rear Telephoto,https://www.gsmarena.com/oneplus_10_pro_review-review-2401p5.php,High,GSMArena: 'telephoto camera is an 8-megapixel OmniVision OV08A10 with a 76mm equivalent f2.4 lens with OIS'.,
remove,PHONE:13PRO,Xiaomi 13 Pro,OMNIVISION:OC32C,,https://www.gsmarena.com/xiaomi_13_pro-review-2535p5.php,Medium,"GSMArena Xiaomi 13 Pro review: selfie '32MP 1/3.14in OmniVision OV32C sensor with 0.7um pixels'; main 'Sony IMX 989', tele and UW 'Samsung (S5K)JN1'.",Selfie is OMNIVISION:OV32C per GSMArena. OC32C entry has identical specs (32MP 1/3.14 0.7um) - may be a typo/duplicate of OV32C; review sensor entry.
add,PHONE:13PRO,Xiaomi 13 Pro,OMNIVISION:OV32C,Front Main,https://www.gsmarena.com/xiaomi_13_pro-review-2535p5.php,High,GSMArena: 'Selfie: 32MP 1/3.14in OmniVision OV32C sensor with 0.7um pixels'.,
add,PHONE:13PRO,Xiaomi 13 Pro,SAMSUNG:JN1,Rear Telephoto + Rear Ultra-wide,https://www.gsmarena.com/xiaomi_13_pro-review-2535p5.php,High,GSMArena: tele '50MP Samsung (S5K)JN1 1/2.76in'; ultrawide '50MP Samsung (S5K)JN1 sensor ... 14mm f/2.2'.,
remove,PHONE:ONEPLUS15,OnePlus 15,OMNIVISION:Light Hunter / Light Fusion 400,,https://www.gsmarena.com/oneplus_15-review-2898p5.php,High,"GSMArena OnePlus 15 review: main '50MP Sony IMX 906, f/1.8, 1/1.56in'; tele 'ISOCELL JN5 (S5KJN5)'; UW 'OmniVision OV50D'; selfie 'Sony IMX709'. No Light Hunter/Light Fusion sensor. helpix Light Fusion 400 page does not list OnePlus 15.","Correct main is SONY:IMX906 (DB also has SONY:LYTIA 700 = LYT-700, possibly same sensor - used IMX906 as named by source)."
keep,PHONE:ONEPLUS15,OnePlus 15,SONY:IMX906,Rear Main,https://www.gsmarena.com/oneplus_15-review-2898p5.php,High,"GSMArena: 'Main camera: 50MP Sony IMX 906, f/1.8, 1/1.56in, 23mm, OIS'.",Mapping already exists (current role: Rear Main).
add,PHONE:ONEPLUS15,OnePlus 15,SAMSUNG:JN5,Rear Telephoto,https://www.gsmarena.com/oneplus_15-review-2898p5.php,High,"GSMArena: 'Telephoto: 50MP ISOCELL JN5 (S5KJN5), f/2.8, 1/2.76in, 85mm'.",
add,PHONE:ONEPLUS15,OnePlus 15,OMNIVISION:OV50D,Rear Ultra-wide,https://www.gsmarena.com/oneplus_15-review-2898p5.php,High,"GSMArena: 'Ultrawide: 50MP OmniVision OV50D, f/2.0, 1/2.88in, 16mm'.",
add,PHONE:ONEPLUS15,OnePlus 15,SONY:IMX709,Front Main,https://www.gsmarena.com/oneplus_15-review-2898p5.php,High,"GSMArena: 'Selfie: 32MP Sony IMX709, f/2.4, 1/2.74in'.",
needs_human,PHONE:REALMEGT8PRO,Realme GT8 Pro,OMNIVISION:Light Hunter / Light Fusion 400,,https://www.gsmarena.com/realme_gt_8_pro-review-2903p5.php,Medium,"GSMArena GT 8 Pro review: main '50MP (1/1.56in, 1.0um), f/1.8' - maker not disclosed ('Ricoh GR-level main camera'); tele 'Samsung ISOCELL HP5'; UW 'OmniVision OV50D'. helpix Light Fusion 400 page does not list GT8 Pro.",No source ties Light Fusion 400 (a Xiaomi-branded sensor) to a Realme phone; likely wrong but main sensor unidentified.
keep,PHONE:REALMEGT8PRO,Realme GT8 Pro,SAMSUNG:HP5,Rear Telephoto,https://www.gsmarena.com/realme_gt_8_pro-review-2903p5.php,High,"GSMArena: 'Telephoto (3x): 200MP Samsung ISOCELL HP5 (S5KHP5, 1/1.56in), periscope, f/2.6, 65mm'.",Mapping already exists (current role: Rear Telephoto).
add,PHONE:REALMEGT8PRO,Realme GT8 Pro,OMNIVISION:OV50D,Rear Ultra-wide,https://www.gsmarena.com/realme_gt_8_pro-review-2903p5.php,High,"GSMArena: 'Ultrawide: 50MP OmniVision OV50D (1/2.88in), f/2.0, 16mm'.",
set_role,PHONE:14,Xiaomi 14,OMNIVISION:Light Hunter / Light Fusion 900,Rear Main,https://www.gsmarena.com/xiaomi_14-review-2672p5.php,High,"GSMArena Xiaomi 14 review: main '50 MP OmniVision OVX9000 Light Fusion 900, f/1.6, 23mm, 1/1.31in' (customized OV50H; 'Light Hunter 900' in leaks).",helpix lists Xiaomi 14 main under OVH9000 instead - naming overlap between OVX9000/OVH9000/Light Fusion 900 entries.
add,PHONE:14,Xiaomi 14,SAMSUNG:JN1,Rear Telephoto + Rear Ultra-wide,https://www.gsmarena.com/xiaomi_14-review-2672p5.php,High,"GSMArena: tele '50 MP Samsung ISOCELL JN1, f/2.0, 75mm'; UW '50 MP Samsung ISOCELL JN1, f/2.2, 14mm'.",
add,PHONE:14,Xiaomi 14,OMNIVISION:OV32B,Front Main,https://www.gsmarena.com/xiaomi_14-review-2672p5.php,High,"GSMArena: 'Selfie: 32MP OmniVision OV32B, f/2.0, 1/3.14in'; helpix OV32B page lists Xiaomi 14 front main.",
remove,PHONE:15TPRO,Xiaomi 15T Pro,OMNIVISION:Light Hunter / Light Fusion 800,,https://petapixel.com/2025/09/24/xiaomi-15t-pro-review-great-leica-cameras-that-inch-forward/,High,PetaPixel 15T Pro review: 'The 15T Pro uses the same OmniVision Light Fusion 900 image sensor ... for its main 50-megapixel wide camera'; 'The 15T ... goes for the ... OmniVision Light Fusion 800 sensor instead.' helpix Light Fusion 900 page lists Xiaomi 15T Pro rear main; LF800 page lists 15T (not Pro).,Light Fusion 800 belongs to Xiaomi 15T (non-Pro). Correct: OMNIVISION:Light Hunter / Light Fusion 900.
add,PHONE:15TPRO,Xiaomi 15T Pro,OMNIVISION:Light Hunter / Light Fusion 900,Rear Main,https://petapixel.com/2025/09/24/xiaomi-15t-pro-review-great-leica-cameras-that-inch-forward/,High,PetaPixel: 15T Pro main = 'OmniVision Light Fusion 900'; helpix LF900 page: Xiaomi 15T Pro rear main.,
needs_human,PHONE:POCOF6PRO,POCO F6 Pro,OMNIVISION:OV50E,Rear Main,https://www.gsmarena.com/poco_f6_pro-review-2704p5.php,Medium,"GSMArena POCO F6 Pro review: main '50MP OmniVision OVX8000 (likely same as OV50E, 1/1.55in)'; helpix lists POCO F6 Pro under Light Fusion 800 (rear main), not OV50E.",Role is Rear Main either way; question is whether to map as OV50E or OMNIVISION:Light Hunter / Light Fusion 800 (Xiaomi branding). Could also add SONY:IMX355 Rear Ultra-wide (GSMArena).
set_role,PHONE:IPHONE15PROMAX,iPhone 15 Pro Max,SONY:IMX913,Rear Telephoto,https://www.semimedia.cc/15465.html,High,SemiMedia citing TechInsights: 'Apple also used Sony's new 12-megapixel IMX913 CIS in the iPhone 15 Pro Max periscope telephoto lens application.',5x tetraprism telephoto.
set_role,PHONE:GALAXYS20ULTRA,Galaxy S20 Ultra,SONY:IMX516,Rear Depth,https://www.techinsights.com/blog/samsung-galaxy-s20-ultra-5g-camera-teardown,High,TechInsights S20 Ultra 5G camera teardown: DepthVision/ToF - 'The indirect time-of-flight (i-ToF) sensor appears to be a Sony IMX516' (die photo indistinguishable from their IMX516 analysis; IMX518 speculation noted).,Rear ToF depth camera.
keep,PHONE:GALAXYS20ULTRA,Galaxy S20 Ultra,SAMSUNG:HM1,Rear Main,https://www.techinsights.com/blog/samsung-galaxy-s20-ultra-5g-camera-teardown,High,TechInsights teardown: wide-angle 108 MP 'Samsung S5KHM1'.,Mapping already exists (current role: Rear Main).
add,PHONE:GALAXYS20ULTRA,Galaxy S20 Ultra,SONY:IMX586,Rear Telephoto,https://www.techinsights.com/blog/samsung-galaxy-s20-ultra-5g-camera-teardown,High,TechInsights teardown: telephoto 48 MP 'Sony IMX586'.,
add,PHONE:GALAXYS20ULTRA,Galaxy S20 Ultra,SAMSUNG:GH1,Front Main,https://www.techinsights.com/blog/samsung-galaxy-s20-ultra-5g-camera-teardown,High,TechInsights teardown: selfie 40 MP 'Samsung S5KGH1'.,UW is Samsung S5K2L3SX (2L3) - not in DB.
needs_human,PHONE:MAGICV3,HONOR Magic V3,OMNIVISION:OV50E,,https://www.gsmarena.com/honor_magic_v3-review-2742p5.php,Medium,"GSMArena Magic V3 review: main '50MP Sony IMX 906 (1/1.56in)'; UW '40MP, f/2.2, 16mm'; tele '50MP (1/2.51in), f/3.0, 90mm'; selfies 20MP - only main is named. helpix OV50E page does not list Magic V3.",OV50E not supported by any source; no camera on the V3 is identified as OV50E. Likely wrong.
add,PHONE:MAGICV3,HONOR Magic V3,SONY:IMX906,Rear Main,https://www.gsmarena.com/honor_magic_v3-review-2742p5.php,High,"GSMArena: 'Main Camera: 50MP Sony IMX 906 (1/1.56in, 1.0um-2.0um), f/1.6, 23mm, OIS'.",
set_role,PHONE:RAZR60ULTRA,Motorola Razr60 Ultra,SONY:IMX816,Rear Ultra-wide,https://www.gsmarena.com/motorola_razr_60_ultra-review-2824p5.php,High,"GSMArena Razr 60 Ultra review: 'Ultrawide: 50MP Sony IMX 816 (LYT-500, 1/2.93in), f/2.0, 12mm'.",
add,PHONE:RAZR60ULTRA,Motorola Razr60 Ultra,SAMSUNG:GNJ,Rear Main,https://www.gsmarena.com/motorola_razr_60_ultra-review-2824p5.php,High,"GSMArena: 'Wide (main): 50MP Samsung ISOCELL GNJ (S5KGNJ, 1/1.56in)'.",
add,PHONE:RAZR60ULTRA,Motorola Razr60 Ultra,SAMSUNG:JNS,Front Main,https://www.gsmarena.com/motorola_razr_60_ultra-review-2824p5.php,Medium,"GSMArena: 'Internal camera: 50MP Samsung ISOCELL JNS (likely a variation of JN1, 1/2.76in)'.",
set_role,PHONE:GALAXYM31,Galaxy M31,SONY:IMX616,Front Main,https://www.fonearena.com/blog/306496/samsung-galaxy-m31-review.html,Medium,FoneArena Galaxy M31 review: '32-megapixel camera on the front with Sony IMX616 sensor with f/2.0 aperture'.,Main is Samsung GW1 per same review (GW1 not in DB).
set_role,PHONE:200PRO,HONOR 200 Pro,OMNIVISION:OV50H,Rear Main,https://www.gsmarena.com/honor_200_pro-review-2710p5.php,High,"GSMArena Honor 200 Pro review: 'Wide (main): 50MP Super Dynamic H9000 (OmniVision OV50H: 1/1.3in, 1.2um), f/1.6, 27mm, OIS'. helpix OVH9000 page lists Honor 200 Pro rear main.",DB has both OMNIVISION:OV50H and OMNIVISION:OVH9000 / OV50H - consider consolidating.
keep,PHONE:200PRO,HONOR 200 Pro,SONY:IMX856,Rear Telephoto,https://www.gsmarena.com/honor_200_pro-review-2710p5.php,High,"GSMArena: 'Telephoto: 50MP Sony IMX 856, f/2.4, 68mm, OIS'.",Mapping already exists (current role: Rear Telephoto).
remove,PHONE:ASUSZENFONE12ULTRA,ASUS Zenfone 12 Ultra,OMNIVISION:OC32C,,https://www.gsmarena.com/asus_zenfone_12_ultra-review-2796p5.php,Medium,"GSMArena Zenfone 12 Ultra review: main '50 MP Sony IMX906/ Lytia LYT-700', UW '13 MP OmniVision OV13B', tele '32 MP OmniVision OV32C', selfie '32 MP OmniVision OV8856'.","Source names OV32C (telephoto), not OC32C. OC32C's only two mappings (this + Xiaomi 13 Pro) both resolve to OV32C in GSMArena - OC32C entry likely a typo/duplicate."
add,PHONE:ASUSZENFONE12ULTRA,ASUS Zenfone 12 Ultra,OMNIVISION:OV32C,Rear Telephoto,https://www.gsmarena.com/asus_zenfone_12_ultra-review-2796p5.php,High,GSMArena: 'Telephoto: 32 MP OmniVision OV32C'.,
add,PHONE:ASUSZENFONE12ULTRA,ASUS Zenfone 12 Ultra,SONY:IMX906,Rear Main,https://www.gsmarena.com/asus_zenfone_12_ultra-review-2796p5.php,High,GSMArena: 'Main: 50 MP Sony IMX906/ Lytia LYT-700'.,Existing ASUS ROG Phone 9 uses SONY:LYTIA 700 - IMX906 and LYTIA 700 entries may be duplicates.
add,PHONE:ASUSZENFONE12ULTRA,ASUS Zenfone 12 Ultra,OMNIVISION:OV13B,Rear Ultra-wide,https://www.gsmarena.com/asus_zenfone_12_ultra-review-2796p5.php,High,GSMArena: 'Ultrawide: 13 MP OmniVision OV13B'.,
needs_human,PHONE:ASUSZENFONE12ULTRA,ASUS Zenfone 12 Ultra,OMNIVISION:OV8856,Front Main,https://www.gsmarena.com/asus_zenfone_12_ultra-review-2796p5.php,Medium,GSMArena: 'Selfie: 32 MP OmniVision OV8856'.,OV8856 is nominally 8MP; GSMArena's labeling for a 32MP RGBW selfie is questionable - verify.
set_role,PHONE:15SPRO,Xiaomi 15S Pro,OMNIVISION:OVX9000,Rear Main,https://helpix.ru/isensor/light_hunter_900/,Medium,helpix Light Fusion 900 page lists 'Xiaomi 15S Pro' - 'тыловая основная' (rear main). GSMArena Xiaomi 14/15 reviews identify Light Fusion 900 as 'OmniVision OVX9000'.,DB has both OMNIVISION:OVX9000 and OMNIVISION:Light Hunter / Light Fusion 900 for the same sensor - consider merging.
