OEM,Phone,Old_ID,New_ID
nubia,Nubia Red Magic 10 Pro+,PHONE:NUBIAREDMAGIC10PRO,PHONE:NUBIAREDMAGIC10PROPLUS
Ulefone,Ulefone Armor 34+,PHONE:ULEFONEARMOR34,PHONE:ULEFONEARMOR34PLUS
Ulefone,Ulefone Armor 34 Pro+,PHONE:ULEFONEARMOR34PRO,PHONE:ULEFONEARMOR34PROPLUS
vivo,vivo X70 Pro+,PHONE:X70PRO,PHONE:X70PROPLUS
Huawei,HUAWEI Mate 80 Pro+,PHONE:MATE80PRO,PHONE:MATE80PROPLUS
Mate,Mate 40 Pro+,PHONE:MATE40PRO,PHONE:MATE40PROPLUS
vivo,Vivo X90 Pro+,PHONE:X90PRO,PHONE:X90PROPLUS
vivo,vivo X90 Pro+,PHONE:X90PRO,PHONE:X90PROPLUS
Realme,Realme 14 Pro+,PHONE:REALME14PRO,PHONE:REALME14PROPLUS
