Phone_Canonical_ID,Phone,OEM,Release_Year,SoC,Source_URL,Source_Type,Confidence,Evidence,Notes
PHONE:IPHONE14PRO,iPhone 14 Pro,Apple,2022,A16 Bionic,https://helpix.ru/apple/iphone_14_pro/,secondary,High,"helpix.ru phone page (Apple iPhone 14 Pro): Анонс (announced) 2022, September",
PHONE:GALAXYS25ULTRA,Galaxy S25 Ultra,Samsung,2025,Snapdragon 8 Elite,https://helpix.ru/samsung/galaxy_s25_ultra/,secondary,High,"helpix.ru phone page (Samsung Galaxy S25 Ultra): Анонс (announced) 2025, January","helpix lists ""Qualcomm Snapdragon 8 Elite for Galaxy"""
PHONE:GALAXYS22ULTRA,Galaxy S22 Ultra,Samsung,2022,Exynos 2200,https://helpix.ru/samsung/galaxy_s22_ultra/,secondary,High,"helpix.ru phone page (Samsung Galaxy S22 Ultra): Анонс (announced) 2022, February",SoC is the variant listed by helpix (regional; Snapdragon 8 Gen 1 in other markets)
PHONE:GALAXYS24ULTRA,Galaxy S24 Ultra,Samsung,2024,Snapdragon 8 Gen 3,https://helpix.ru/samsung/galaxy_s24_ultra/,secondary,High,"helpix.ru phone page (Samsung Galaxy S24 Ultra): Анонс (announced) 2024, January",
PHONE:P30PRO,HUAWEI P30 Pro,Huawei,2019,Kirin 980,https://helpix.ru/huawei/p30_pro/,secondary,High,"helpix.ru phone page (Huawei P30 Pro): Анонс (announced) 2019, March",
PHONE:NUBIAZ80ULTRA,Nubia Z80 Ultra,nubia,2025,Snapdragon 8 Elite Gen 5,https://helpix.ru/zte/nubia_z80_ultra/,secondary,High,"helpix.ru phone page (ZTE Nubia Z80 Ultra): Анонс (announced) 2025, October",
PHONE:POCOF7,POCO F7,Xiaomi,2025,Snapdragon 8s Gen 4,https://helpix.ru/xiaomi/poco_f7/,secondary,High,"helpix.ru phone page (Xiaomi Poco F7): Анонс (announced) 2025, June",
PHONE:REALMEGT8PRO,Realme GT8 Pro,Realme,2025,Snapdragon 8 Elite Gen 5,https://helpix.ru/realme/gt8_pro_china/,secondary,High,"helpix.ru phone page (Realme GT8 Pro): Анонс (announced) 2025, October",helpix page is the China launch version (GT8 Pro China)
PHONE:15,Xiaomi 15,Xiaomi,2024,Snapdragon 8 Elite,https://helpix.ru/xiaomi/15/,secondary,High,"helpix.ru phone page (Xiaomi 15): Анонс (announced) 2024, October",
PHONE:MI11,Xiaomi Mi 11,Xiaomi,2020,Snapdragon 888,https://helpix.ru/xiaomi/mi_11/,secondary,High,"helpix.ru phone page (Xiaomi Mi 11): Анонс (announced) 2020, December",
PHONE:XPERIA1VII,Xperia 1 VII,Sony,2025,Snapdragon 8 Elite,https://helpix.ru/sony/xperia_1_vii/,secondary,High,"helpix.ru phone page (Sony Xperia 1 VII): Анонс (announced) 2025, May",
PHONE:IPHONE16PRO,iPhone 16 Pro,Apple,2024,A18 Pro,https://helpix.ru/apple/iphone_16_pro/,secondary,High,"helpix.ru phone page (Apple iPhone 16 Pro): Анонс (announced) 2024, September",
PHONE:X300ULTRA,vivo X300 Ultra,vivo,2026,Snapdragon 8 Elite Gen 5,https://helpix.ru/vivo/x300_ultra/,secondary,High,"helpix.ru phone page (Vivo X300 Ultra): Анонс (announced) 2026, March",
PHONE:X90PRO,vivo X90 Pro,vivo,2022,Dimensity 9200,https://helpix.ru/vivo/x90_pro/,secondary,High,"helpix.ru phone page (Vivo X90 Pro): Анонс (announced) 2022, November",
PHONE:ASUSZENFONE12ULTRA,ASUS Zenfone 12 Ultra,ASUS,2025,Snapdragon 8 Elite,https://helpix.ru/asus/zenfone_12_ultra/,secondary,High,"helpix.ru phone page (ASUS Zenfone 12 Ultra): Анонс (announced) 2025, February",
PHONE:GALAXYS20ULTRA,Galaxy S20 Ultra,Samsung,2020,Exynos 990,https://helpix.ru/samsung/galaxy_s20_ultra/,secondary,High,"helpix.ru phone page (Samsung Galaxy S20 Ultra): Анонс (announced) 2020, February",SoC is the variant listed by helpix (regional; Snapdragon in other markets)
PHONE:GALAXYS21ULTRA,Galaxy S21 Ultra,Samsung,2021,Exynos 2100,https://helpix.ru/samsung/galaxy_s21_ultra/,secondary,High,"helpix.ru phone page (Samsung Galaxy S21 Ultra): Анонс (announced) 2021, January",SoC is the variant listed by helpix (regional; Snapdragon in other markets)
PHONE:GALAXYS23,Galaxy S23,Samsung,2023,Snapdragon 8 Gen 2,https://helpix.ru/samsung/galaxy_s23/,secondary,High,"helpix.ru phone page (Samsung Galaxy S23): Анонс (announced) 2023, February","helpix lists ""Qualcomm Snapdragon 8 Gen 2 for Galaxy"""
PHONE:GALAXYS23ULTRA,Galaxy S23 Ultra,Samsung,2023,Snapdragon 8 Gen 2,https://helpix.ru/samsung/galaxy_s23_ultra/,secondary,High,"helpix.ru phone page (Samsung Galaxy S23 Ultra): Анонс (announced) 2023, February","helpix lists ""Qualcomm Snapdragon 8 Gen 2 for Galaxy"""
PHONE:GALAXYS24,Galaxy S24,Samsung,2024,Exynos 2400,https://helpix.ru/samsung/galaxy_s24/,secondary,High,"helpix.ru phone page (Samsung Galaxy S24): Анонс (announced) 2024, January",SoC is the variant listed by helpix (regional; Snapdragon in other markets)
PHONE:GALAXYS26,Galaxy S26,Samsung,2026,Snapdragon 8 Elite Gen 5,https://helpix.ru/samsung/galaxy_s26/,secondary,High,"helpix.ru phone page (Samsung Galaxy S26): Анонс (announced) 2026, February","helpix lists ""Qualcomm Snapdragon 8 Elite Gen 5 for Galaxy"""
PHONE:GALAXYS26ULTRA,Galaxy S26 Ultra,Samsung,2026,Snapdragon 8 Elite Gen 5,https://helpix.ru/samsung/galaxy_s26_ultra/,secondary,High,"helpix.ru phone page (Samsung Galaxy S26 Ultra): Анонс (announced) 2026, February","helpix lists ""Qualcomm Snapdragon 8 Elite Gen 5 for Galaxy"""
PHONE:GALAXYZFOLD7,Galaxy Z Fold7,Samsung,2025,Snapdragon 8 Elite,https://helpix.ru/samsung/galaxy_z_fold7/,secondary,High,"helpix.ru phone page (Samsung Galaxy Z Fold7): Анонс (announced) 2025, July","helpix lists ""Qualcomm Snapdragon 8 Elite for Galaxy"""
PHONE:PIXEL10,Google Pixel 10,Google,2025,Tensor G5,https://helpix.ru/google/pixel_10/,secondary,High,"helpix.ru phone page (Google Pixel 10): Анонс (announced) 2025, August",
PHONE:PIXEL4,Google Pixel 4,Google,2019,Snapdragon 855,https://helpix.ru/google/pixel_4/,secondary,High,"helpix.ru phone page (Google Pixel 4): Анонс (announced) 2019, October",
PHONE:PIXEL7A,Google Pixel 7a,Google,2023,Tensor G2,https://helpix.ru/google/pixel_7a/,secondary,High,"helpix.ru phone page (Google Pixel 7a): Анонс (announced) 2023, May",
PHONE:PIXEL9PROFOLD,Google Pixel 9 Pro Fold,Google,2024,Tensor G4,https://helpix.ru/google/pixel_9_pro_fold/,secondary,High,"helpix.ru phone page (Google Pixel 9 Pro Fold): Анонс (announced) 2024, August",
PHONE:PIXEL9A,Google Pixel 9a,Google,2025,Tensor G4,https://helpix.ru/google/pixel_9a/,secondary,High,"helpix.ru phone page (Google Pixel 9a): Анонс (announced) 2025, March",
PHONE:200PRO,HONOR 200 Pro,HONOR,2024,Snapdragon 8s Gen 3,https://helpix.ru/honor/200_pro/,secondary,High,"helpix.ru phone page (Honor 200 Pro): Анонс (announced) 2024, May",
PHONE:MAGIC7,HONOR Magic 7,HONOR,2024,Snapdragon 8 Elite,https://helpix.ru/honor/magic7/,secondary,High,"helpix.ru phone page (Honor Magic7): Анонс (announced) 2024, October",
PHONE:MATE40PRO,HUAWEI Mate 40 Pro,Huawei,2020,Kirin 9000,https://helpix.ru/huawei/mate_40_pro/,secondary,High,"helpix.ru phone page (Huawei Mate 40 Pro): Анонс (announced) 2020, October",
PHONE:PURA70ULTRA,HUAWEI Pura 70 Ultra,Huawei,2024,Kirin 9010,https://helpix.ru/huawei/pura_70_ultra/,secondary,High,"helpix.ru phone page (Huawei Pura 70 Ultra): Анонс (announced) 2024, April",
PHONE:NOTHINGPHONE3A,Nothing Phone (3a),Nothing,2025,Snapdragon 7s Gen 3,https://helpix.ru/nothing/phone_3a/,secondary,High,"helpix.ru phone page (Nothing Phone (3a)): Анонс (announced) 2025, March",
PHONE:NUBIAZ70ULTRA,Nubia Z70 Ultra,nubia,2024,Snapdragon 8 Elite,https://helpix.ru/zte/nubia_z70_ultra/,secondary,High,"helpix.ru phone page (ZTE Nubia Z70 Ultra): Анонс (announced) 2024, November",
PHONE:FINDX8PRO,OPPO Find X8 Pro,OPPO,2024,Dimensity 9400,https://helpix.ru/oppo/find_x8_pro/,secondary,High,"helpix.ru phone page (OPPO Find X8 Pro): Анонс (announced) 2024, October",
PHONE:FINDX9PRO,OPPO Find X9 Pro,OPPO,2025,Dimensity 9500,https://helpix.ru/oppo/find_x9_pro/,secondary,High,"helpix.ru phone page (OPPO Find X9 Pro): Анонс (announced) 2025, October",
PHONE:ONEPLUS10PRO,OnePlus 10 Pro,OnePlus,2022,Snapdragon 8 Gen 1,https://helpix.ru/oneplus/10_pro/,secondary,High,"helpix.ru phone page (OnePlus 10 Pro): Анонс (announced) 2022, January",
PHONE:ONEPLUS13,OnePlus 13,OnePlus,2024,Snapdragon 8 Elite,https://helpix.ru/oneplus/13/,secondary,High,"helpix.ru phone page (OnePlus 13): Анонс (announced) 2024, October",
PHONE:ONEPLUS13R,OnePlus 13R,OnePlus,2025,Snapdragon 8 Gen 3,https://helpix.ru/oneplus/13r/,secondary,High,"helpix.ru phone page (OnePlus 13R): Анонс (announced) 2025, January",
PHONE:ONEPLUS15,OnePlus 15,OnePlus,2025,Snapdragon 8 Elite Gen 5,https://helpix.ru/oneplus/15/,secondary,High,"helpix.ru phone page (OnePlus 15): Анонс (announced) 2025, October",
PHONE:POCOF6,POCO F6,Xiaomi,2024,Snapdragon 8s Gen 3,https://helpix.ru/xiaomi/poco_f6/,secondary,High,"helpix.ru phone page (Xiaomi Poco F6): Анонс (announced) 2024, May",
PHONE:PIXEL7,Pixel 7,Google,2022,Tensor G2,https://helpix.ru/google/pixel_7/,secondary,High,"helpix.ru phone page (Google Pixel 7): Анонс (announced) 2022, October",
PHONE:PIXEL8A,Pixel 8a,Google,2024,Tensor G3,https://helpix.ru/google/pixel_8a/,secondary,High,"helpix.ru phone page (Google Pixel 8a): Анонс (announced) 2024, May",
PHONE:PURA80ULTRA,Pura 80 Ultra,Huawei,2025,Kirin 9020,https://helpix.ru/huawei/pura_80_ultra/,secondary,High,"helpix.ru phone page (Huawei Pura 80 Ultra): Анонс (announced) 2025, June",
PHONE:REALME12PRO,Realme 12 Pro,Realme,2024,Snapdragon 6 Gen 1,https://helpix.ru/realme/12_pro/,secondary,High,"helpix.ru phone page (Realme 12 Pro): Анонс (announced) 2024, January",
PHONE:SHARPAQUOSR9,SHARP AQUOS R9,Sharp,2024,Snapdragon 7+ Gen 3,https://helpix.ru/sharp/aquos_r9/,secondary,High,"helpix.ru phone page (Sharp Aquos R9): Анонс (announced) 2024, May",
PHONE:14ULTRA,Xiaomi 14 Ultra,Xiaomi,2024,Snapdragon 8 Gen 3,https://helpix.ru/xiaomi/14_ultra/,secondary,High,"helpix.ru phone page (Xiaomi 14 Ultra): Анонс (announced) 2024, February",
PHONE:MI11ULTRA,Xiaomi Mi 11 Ultra,Xiaomi,2021,Snapdragon 888,https://helpix.ru/xiaomi/mi_11_ultra/,secondary,High,"helpix.ru phone page (Xiaomi Mi 11 Ultra): Анонс (announced) 2021, March",
PHONE:XPERIA1III,Xperia 1 III,Sony,2021,Snapdragon 888,https://helpix.ru/sony/xperia_1_iii/,secondary,High,"helpix.ru phone page (Sony Xperia 1 III): Анонс (announced) 2021, March",
PHONE:XPERIA1IV,Xperia 1 IV,Sony,2022,Snapdragon 8 Gen 1,https://helpix.ru/sony/xperia_1_iv/,secondary,High,"helpix.ru phone page (Sony Xperia 1 IV): Анонс (announced) 2022, May",
PHONE:IPHONE12,iPhone 12,Apple,2020,A14 Bionic,https://helpix.ru/apple/iphone_12/,secondary,High,"helpix.ru phone page (Apple iPhone 12): Анонс (announced) 2020, October",
PHONE:IPHONE12PROMAX,iPhone 12 Pro Max,Apple,2020,A14 Bionic,https://helpix.ru/apple/iphone_12_pro_max/,secondary,High,"helpix.ru phone page (Apple iPhone 12 Pro Max): Анонс (announced) 2020, October",
PHONE:IPHONE14PROMAX,iPhone 14 Pro Max,Apple,2022,A16 Bionic,https://helpix.ru/apple/iphone_14_pro_max/,secondary,High,"helpix.ru phone page (Apple iPhone 14 Pro Max): Анонс (announced) 2022, September",
PHONE:IPHONE16,iPhone 16,Apple,2024,A18,https://helpix.ru/apple/iphone_16/,secondary,High,"helpix.ru phone page (Apple iPhone 16): Анонс (announced) 2024, September",
PHONE:IPHONE16PROMAX,iPhone 16 Pro Max,Apple,2024,A18 Pro,https://helpix.ru/apple/iphone_16_pro_max/,secondary,High,"helpix.ru phone page (Apple iPhone 16 Pro Max): Анонс (announced) 2024, September",
PHONE:IPHONE17,iPhone 17,Apple,2025,A19,https://helpix.ru/apple/iphone_17/,secondary,High,"helpix.ru phone page (Apple iPhone 17): Анонс (announced) 2025, September",
PHONE:IPHONE17PRO,iPhone 17 Pro,Apple,2025,A19 Pro,https://helpix.ru/apple/iphone_17_pro/,secondary,High,"helpix.ru phone page (Apple iPhone 17 Pro): Анонс (announced) 2025, September",
PHONE:IQOO13,iQOO 13,iQOO,2024,Snapdragon 8 Elite,https://helpix.ru/vivo/iqoo_13/,secondary,High,"helpix.ru phone page (Vivo iQOO 13): Анонс (announced) 2024, October",
PHONE:XFOLD3,vivo X Fold3,vivo,2024,Snapdragon 8 Gen 2,https://helpix.ru/vivo/x_fold3/,secondary,High,"helpix.ru phone page (Vivo X Fold3): Анонс (announced) 2024, March",
PHONE:X100ULTRA,vivo X100 Ultra,vivo,2024,Snapdragon 8 Gen 3,https://helpix.ru/vivo/x100_ultra/,secondary,High,"helpix.ru phone page (Vivo X100 Ultra): Анонс (announced) 2024, May",
PHONE:X200,vivo X200,vivo,2024,Dimensity 9400,https://helpix.ru/vivo/x200/,secondary,High,"helpix.ru phone page (Vivo X200): Анонс (announced) 2024, October",
PHONE:X200FE,vivo X200 FE,vivo,2025,Dimensity 9300+,https://helpix.ru/vivo/x200_fe/,secondary,High,"helpix.ru phone page (Vivo X200 FE): Анонс (announced) 2025, June",
PHONE:X200PRO,vivo X200 Pro,vivo,2024,Dimensity 9400,https://helpix.ru/vivo/x200_pro/,secondary,High,"helpix.ru phone page (Vivo X200 Pro): Анонс (announced) 2024, October",
PHONE:X300,vivo X300,vivo,2025,Dimensity 9500,https://helpix.ru/vivo/x300/,secondary,High,"helpix.ru phone page (Vivo X300): Анонс (announced) 2025, October",
PHONE:X300PRO,vivo X300 Pro,vivo,2025,Dimensity 9500,https://helpix.ru/vivo/x300_pro/,secondary,High,"helpix.ru phone page (Vivo X300 Pro): Анонс (announced) 2025, October",
PHONE:X80PRO,vivo X80 Pro,vivo,2022,Snapdragon 8 Gen 1,https://helpix.ru/vivo/x80_pro/,secondary,High,"helpix.ru phone page (Vivo X80 Pro): Анонс (announced) 2022, April",
PHONE:X90,vivo X90,vivo,2022,Dimensity 9200,https://helpix.ru/vivo/x90/,secondary,High,"helpix.ru phone page (Vivo X90): Анонс (announced) 2022, November",
PHONE:X90PROPLUS,vivo X90 Pro+,vivo,2022,Snapdragon 8 Gen 2,https://helpix.ru/vivo/x90_pro_plus/,secondary,High,"helpix.ru phone page (Vivo X90 Pro+): Анонс (announced) 2022, November",
PHONE:ASUSROGPHONE9,ASUS ROG Phone 9,ASUS,2024,Snapdragon 8 Elite,https://helpix.ru/asus/rog_phone_9/,secondary,High,"helpix.ru phone page (ASUS ROG Phone 9): Анонс (announced) 2024, November",
PHONE:BQAQUARISULITE,BQ Aquaris U Lite,BQ,2016,Snapdragon 425,https://helpix.ru/bq/aquaris_u_lite/,secondary,High,"helpix.ru phone page (BQ Aquaris U Lite): Анонс (announced) 2016, September",
PHONE:BQAQUARISU2LITE,BQ Aquaris U2 Lite,BQ,2017,Snapdragon 425,https://helpix.ru/bq/aquaris_u2_lite/,secondary,High,"helpix.ru phone page (BQ Aquaris U2 Lite): Анонс (announced) 2017, September",
PHONE:BLACKSHARK5PRO,Black Shark 5 Pro,Black Shark,2022,Snapdragon 8 Gen 1,https://helpix.ru/xiaomi/black_shark_5_pro/,secondary,High,"helpix.ru phone page (Xiaomi Black Shark 5 Pro): Анонс (announced) 2022, March",
PHONE:BLACKVIEWA53,BlackView A53,Blackview,2023,Helio A22,https://helpix.ru/blackview/a53/,secondary,High,"helpix.ru phone page (Blackview A53): Анонс (announced) 2023, March",
PHONE:BLACKVIEWA7,BlackView A7,Blackview,2017,MT6580A,https://helpix.ru/blackview/a7/,secondary,High,"helpix.ru phone page (Blackview A7): Анонс (announced) 2017, July",
PHONE:BLACKVIEWBV9300,BlackView BV9300,Blackview,2023,Helio G99,https://helpix.ru/blackview/bv9300/,secondary,High,"helpix.ru phone page (Blackview BV9300): Анонс (announced) 2023, April",
PHONE:BLACKVIEWA60PLUS,Blackview A60 Plus,Blackview,2020,,https://helpix.ru/blackview/a60_plus/,secondary,High,"helpix.ru phone page (Blackview A60 Plus): Анонс (announced) 2020, October",helpix marks SoC as uncertain (?Helio A22); SoC left empty
PHONE:CHINAMOBILEA3S,China Mobile A3S,China Mobile,2018,Snapdragon 425,https://helpix.ru/china/mobile_a3s/,secondary,Medium,helpix.ru phone page (China Mobile A3S): Анонс (announced) 2018 (no month given),helpix gives year only
PHONE:DOOGEES41,Doogee S41,Doogee,2022,Helio A22,https://helpix.ru/doogee/s41/,secondary,High,"helpix.ru phone page (Doogee S41): Анонс (announced) 2022, November",
PHONE:FAIRPHONE2,Fairphone 2,Fairphone,2015,Snapdragon 801,https://helpix.ru/fairphone/2/,secondary,High,helpix.ru phone page (Fairphone 2): Анонс (announced) 2015 (no month given),helpix gives year only
PHONE:GALAXYA425G,Galaxy A42 5G,Samsung,2020,Snapdragon 750G,https://helpix.ru/samsung/galaxy_a42_5g/,secondary,High,"helpix.ru phone page (Samsung Galaxy A42 5G Global): Анонс (announced) 2020, September",helpix page title: Samsung Galaxy A42 5G Global
PHONE:GALAXYA50,Galaxy A50,Samsung,2019,Exynos 9610,https://helpix.ru/samsung/galaxy_a50/,secondary,High,"helpix.ru phone page (Samsung Galaxy A50): Анонс (announced) 2019, February",
PHONE:GALAXYA52S5G,Galaxy A52s 5G,Samsung,2021,Snapdragon 778G,https://helpix.ru/samsung/galaxy_a52s_5g/,secondary,High,"helpix.ru phone page (Samsung Galaxy A52s 5G): Анонс (announced) 2021, August",
PHONE:GALAXYA905G,Galaxy A90 5G,Samsung,2019,Snapdragon 855,https://helpix.ru/samsung/galaxy_a90_5g/,secondary,High,"helpix.ru phone page (Samsung Galaxy A90 5G): Анонс (announced) 2019, September",
PHONE:GALAXYM31,Galaxy M31,Samsung,2020,Exynos 9611,https://helpix.ru/samsung/galaxy_m31/,secondary,High,"helpix.ru phone page (Samsung Galaxy M31): Анонс (announced) 2020, February",
PHONE:GALAXYM54,Galaxy M54,Samsung,2023,Exynos 1380,https://helpix.ru/samsung/galaxy_m54_5g/,secondary,High,"helpix.ru phone page (Samsung Galaxy M54 5G): Анонс (announced) 2023, March",helpix page title: Samsung Galaxy M54 5G
PHONE:GALAXYNOTE20ULTRA,Galaxy Note 20 Ultra,Samsung,2020,Exynos 990,https://helpix.ru/samsung/galaxy_note20_ultra/,secondary,High,"helpix.ru phone page (Samsung Galaxy Note 20 Ultra): Анонс (announced) 2020, August",SoC is the variant listed by helpix (regional; Snapdragon in other markets)
PHONE:GALAXYS20,Galaxy S20,Samsung,2020,Exynos 990,https://helpix.ru/samsung/galaxy_s20/,secondary,High,"helpix.ru phone page (Samsung Galaxy S20): Анонс (announced) 2020, February",SoC is the variant listed by helpix (regional; Snapdragon in other markets)
PHONE:GALAXYS21,Galaxy S21,Samsung,2021,Exynos 2100,https://helpix.ru/samsung/galaxy_s21/,secondary,High,"helpix.ru phone page (Samsung Galaxy S21): Анонс (announced) 2021, January",SoC is the variant listed by helpix (regional; Snapdragon in other markets)
PHONE:GALAXYZFLIP4,Galaxy Z Flip4,Samsung,2022,Snapdragon 8+ Gen 1,https://helpix.ru/samsung/galaxy_z_flip4/,secondary,High,"helpix.ru phone page (Samsung Galaxy Z Flip4): Анонс (announced) 2022, August",
PHONE:PIXEL6,Google Pixel 6,Google,2021,Tensor,https://helpix.ru/google/pixel_6/,secondary,High,"helpix.ru phone page (Google Pixel 6): Анонс (announced) 2021, October",
PHONE:PIXEL8,Google Pixel 8,Google,2023,Tensor G3,https://helpix.ru/google/pixel_8/,secondary,High,"helpix.ru phone page (Google Pixel 8): Анонс (announced) 2023, October",
PHONE:PIXEL9PRO,Google Pixel 9 Pro,Google,2024,Tensor G4,https://helpix.ru/google/pixel_9_pro/,secondary,High,"helpix.ru phone page (Google Pixel 9 Pro): Анонс (announced) 2024, August",
PHONE:PIXELFOLD,Google Pixel Fold,Google,2023,Tensor G2,https://helpix.ru/google/pixel_fold/,secondary,High,"helpix.ru phone page (Google Pixel Fold): Анонс (announced) 2023, May",
PHONE:10,HONOR 10,HONOR,2018,Kirin 970,https://helpix.ru/huawei/honor_10/,secondary,High,"helpix.ru phone page (Honor 10): Анонс (announced) 2018, April",
PHONE:200,HONOR 200,HONOR,2024,Snapdragon 7 Gen 3,https://helpix.ru/honor/200/,secondary,High,"helpix.ru phone page (Honor 200): Анонс (announced) 2024, May",
PHONE:MAGIC5,HONOR Magic 5,HONOR,2023,Snapdragon 8 Gen 2,https://helpix.ru/honor/magic5/,secondary,High,"helpix.ru phone page (Honor Magic5): Анонс (announced) 2023, February",
PHONE:MAGIC5PRO,HONOR Magic 5 Pro,HONOR,2023,Snapdragon 8 Gen 2,https://helpix.ru/honor/magic5_pro_5g/,secondary,High,"helpix.ru phone page (Honor Magic5 Pro): Анонс (announced) 2023, February",
PHONE:MAGIC6,HONOR Magic 6,HONOR,2024,Snapdragon 8 Gen 3,https://helpix.ru/honor/magic6/,secondary,High,"helpix.ru phone page (Honor Magic6): Анонс (announced) 2024, January",
PHONE:MAGIC6RSR,HONOR Magic 6 RSR,HONOR,2024,Snapdragon 8 Gen 3,https://helpix.ru/honor/magic6_rsr_porsche_design/,secondary,High,"helpix.ru phone page (Honor Magic6 RSR Porsche Design): Анонс (announced) 2024, March",
PHONE:MAGIC6ULTIMATE,HONOR Magic 6 Ultimate,HONOR,2024,Snapdragon 8 Gen 3,https://helpix.ru/honor/magic6_ultimate/,secondary,High,"helpix.ru phone page (Honor Magic6 Ultimate): Анонс (announced) 2024, March",
PHONE:MAGICV3,HONOR Magic V3,HONOR,2024,Snapdragon 8 Gen 3,https://helpix.ru/honor/magic_v3/,secondary,High,"helpix.ru phone page (Honor Magic V3): Анонс (announced) 2024, July",
PHONE:MAGICV5,HONOR Magic V5,HONOR,2025,Snapdragon 8 Elite,https://helpix.ru/honor/magic_v5/,secondary,High,"helpix.ru phone page (Honor Magic V5): Анонс (announced) 2025, July",
PHONE:V30PRO,HONOR V30 Pro,HONOR,2019,Kirin 990 5G,https://helpix.ru/huawei/honor_v30_pro/,secondary,High,"helpix.ru phone page (Honor View 30 Pro (V30 Pro)): Анонс (announced) 2019, November",
PHONE:X50,HONOR X50,HONOR,2023,Snapdragon 6 Gen 1,https://helpix.ru/honor/x50/,secondary,High,"helpix.ru phone page (Honor X50): Анонс (announced) 2023, July",
PHONE:MATE70PRO,HUAWEI Mate 70 Pro,Huawei,2024,Kirin 9020,https://helpix.ru/huawei/mate_70_pro/,secondary,High,"helpix.ru phone page (Huawei Mate 70 Pro): Анонс (announced) 2024, November",
PHONE:MATE80PRO,HUAWEI Mate 80 Pro,Huawei,2025,Kirin 9030,https://helpix.ru/huawei/mate_80_pro/,secondary,High,"helpix.ru phone page (Huawei Mate 80 Pro): Анонс (announced) 2025, November",
PHONE:MATE80RS,HUAWEI Mate 80 RS,Huawei,2025,Kirin 9030 Pro,https://helpix.ru/huawei/mate_80_rs_ultimate/,secondary,Medium,"helpix.ru phone page (Huawei Mate 80 RS Ultimate): Анонс (announced) 2025, November","helpix page is ""Mate 80 RS Ultimate""; assumed same device as Mate 80 RS"
PHONE:NOVA11ULTRA,HUAWEI Nova 11 Ultra,Huawei,2023,Snapdragon 778G,https://helpix.ru/huawei/nova_11_ultra/,secondary,High,"helpix.ru phone page (Huawei nova 11 Ultra): Анонс (announced) 2023, April",
PHONE:P20PRO,HUAWEI P20 Pro,Huawei,2018,Kirin 970,https://helpix.ru/huawei/p20_pro/,secondary,High,"helpix.ru phone page (Huawei P20 Pro): Анонс (announced) 2018, March",
PHONE:P60PRO,HUAWEI P60 Pro,Huawei,2023,Snapdragon 8+ Gen 1,https://helpix.ru/huawei/p60_pro/,secondary,High,"helpix.ru phone page (Huawei P60 Pro): Анонс (announced) 2023, March",
PHONE:INTEXAQUANOTE55,Intex Aqua Note 5.5,Intex,2017,MT6737V/W,https://helpix.ru/intex/aqua_note_5.5/,secondary,High,"helpix.ru phone page (Intex Aqua Note 5.5): Анонс (announced) 2017, August",
PHONE:INTEXAQUASTYLEIII,Intex Aqua Style III,Intex,2017,SC9832A,https://helpix.ru/intex/aqua_style_iii/,secondary,High,"helpix.ru phone page (Intex Aqua Style III): Анонс (announced) 2017, August",
PHONE:LENOVOLEGION2PRO,Lenovo Legion 2 Pro,Lenovo,2021,Snapdragon 888,https://helpix.ru/lenovo/legion_duel_2/,secondary,High,"helpix.ru phone page (Lenovo Legion Duel 2 (Legion 2 Pro)): Анонс (announced) 2021, April",
PHONE:LENOVOLEGIONY90,Lenovo Legion Y90,Lenovo,2022,Snapdragon 8 Gen 1,https://helpix.ru/lenovo/legion_y90/,secondary,High,"helpix.ru phone page (Lenovo Legion Y90 (拯救者Y90)): Анонс (announced) 2022, March",
PHONE:MATE20PRO,Mate 20 Pro,Huawei,2018,Kirin 980,https://helpix.ru/huawei/mate_20_pro/,secondary,High,"helpix.ru phone page (Huawei Mate 20 Pro): Анонс (announced) 2018, October",
PHONE:MATE30PRO,Mate 30 Pro,Huawei,2019,Kirin 990,https://helpix.ru/huawei/mate_30_pro/,secondary,High,"helpix.ru phone page (Huawei Mate 30 Pro): Анонс (announced) 2019, September",
PHONE:MATE40PROPLUS,Mate 40 Pro+,Huawei,2020,Kirin 9000,https://helpix.ru/huawei/mate_40_pro_plus/,secondary,High,"helpix.ru phone page (Huawei Mate 40 Pro+): Анонс (announced) 2020, October",
PHONE:MATEX6,Mate X6,Huawei,2024,Kirin 9020,https://helpix.ru/huawei/mate_x6/,secondary,High,"helpix.ru phone page (Huawei Mate X6): Анонс (announced) 2024, November",
PHONE:MEIZU18,Meizu 18,Meizu,2021,Snapdragon 888,https://helpix.ru/meizu/18/,secondary,High,"helpix.ru phone page (Meizu 18): Анонс (announced) 2021, March",
PHONE:MEIZUPRO7,Meizu Pro 7,Meizu,2017,Helio P25,https://helpix.ru/meizu/pro_7/,secondary,High,"helpix.ru phone page (Meizu PRO 7): Анонс (announced) 2017, July",
PHONE:MIMIX2,Mi Mix 2,Xiaomi,2017,Snapdragon 835,https://helpix.ru/xiaomi/mi_mix_2/,secondary,High,"helpix.ru phone page (Xiaomi Mi Mix 2): Анонс (announced) 2017, September",
PHONE:MINOTE10,Mi Note 10,Xiaomi,2019,Snapdragon 730G,https://helpix.ru/xiaomi/mi_note_10/,secondary,High,"helpix.ru phone page (Xiaomi Mi Note 10): Анонс (announced) 2019, November",
PHONE:EDGE30,Motorola Edge 30,Motorola,2022,Snapdragon 778G+,https://helpix.ru/motorola/edge_30/,secondary,High,"helpix.ru phone page (Motorola Edge 30): Анонс (announced) 2022, April",
PHONE:EDGE30ULTRA,Motorola Edge 30 Ultra,Motorola,2022,Snapdragon 8+ Gen 1,https://helpix.ru/motorola/edge_30_ultra/,secondary,High,"helpix.ru phone page (Motorola Edge 30 Ultra): Анонс (announced) 2022, September",
PHONE:EDGE60PRO,Motorola Edge 60 Pro,Motorola,2025,Dimensity 8350 Extreme,https://helpix.ru/motorola/edge_60_pro/,secondary,High,"helpix.ru phone page (Motorola Edge 60 Pro): Анонс (announced) 2025, April",
PHONE:MOTOE4G,Motorola Moto E 4G,Motorola,2015,Snapdragon 410,https://helpix.ru/motorola/moto_e_2nd_gen_lte/,secondary,Medium,"helpix.ru phone page (Motorola Moto E 2nd gen LTE (XT1527)): Анонс (announced) 2015, February","Matched to helpix ""Moto E 2nd gen LTE (XT1527)""; ""Moto E 4G"" naming is ambiguous"
PHONE:RAZR50ULTRA,Motorola Razr 50 Ultra,Motorola,2024,Snapdragon 8s Gen 3,https://helpix.ru/motorola/razr_50_ultra/,secondary,High,"helpix.ru phone page (Motorola razr 50 Ultra (razr+ 2024)): Анонс (announced) 2024, June",
PHONE:RAZR60ULTRA,Motorola Razr60 Ultra,Motorola,2025,Snapdragon 8 Elite,https://helpix.ru/motorola/razr_60_ultra/,secondary,High,"helpix.ru phone page (Motorola razr 60 Ultra (razr Ultra)): Анонс (announced) 2025, April",
PHONE:NOTHINGCMFPHONE1,Nothing CMF Phone 1,Nothing,2024,Dimensity 7300,https://helpix.ru/nothing/cmf_phone_1/,secondary,High,"helpix.ru phone page (Nothing CMF Phone 1): Анонс (announced) 2024, July",
PHONE:NOTHINGPHONE2A,Nothing Phone (2a),Nothing,2024,Dimensity 7200 Pro,https://helpix.ru/nothing/phone_2a/,secondary,High,"helpix.ru phone page (Nothing Phone (2a)): Анонс (announced) 2024, March",
PHONE:NOTHINGPHONE3APRO,Nothing Phone (3a) Pro,Nothing,2025,Snapdragon 7s Gen 3,https://helpix.ru/nothing/phone_3a_pro/,secondary,High,"helpix.ru phone page (Nothing Phone (3a) Pro): Анонс (announced) 2025, March",
