Action,Canonical_ID,Target_Canonical_ID,Field,Old_Value,New_Value,Source_URL,Source_Type,Confidence,Evidence,Notes
merge,SONY:LYT-506,SONY:LYTIA 506,,,,https://spinformation.info/all/smartphone-image-sensor/; https://helpix.ru/isensor/sony_lyt-506/; https://techgenyz.com/sony-mobile-image-sensors-brand-lytia/,secondary,High,"SP information lists this part as ""LYT-506"" (32MP 1/2.74 0.8um); helpix lists ""Sony LYT-506"" with the same specs; LYTIA is the Sony mobile sensor brand and LYT-xxx the model number.",LYT-506 row has 0 phone mappings; SONY:LYTIA 506 is survivor. Flagged as ambiguous match by helpix diff.
add_alias,SONY:LYTIA 506,,Aliases,,LYT-506,https://spinformation.info/all/smartphone-image-sensor/; https://helpix.ru/isensor/sony_lyt-506/,secondary,High,Model number LYT-506 used by SP information and helpix for this sensor.,
merge,SONY:LYT-602,SONY:LYTIA 602,,,,https://spinformation.info/all/smartphone-image-sensor/; https://helpix.ru/isensor/sony_lyt-602/; https://techgenyz.com/sony-mobile-image-sensors-brand-lytia/,secondary,High,"SP information lists this part as ""LYT-602"" (50MP 1/1.953 0.8um); helpix lists ""Sony LYT-602"" with the same specs; LYTIA is the Sony mobile sensor brand and LYT-xxx the model number.",LYT-602 row has 0 phone mappings; SONY:LYTIA 602 is survivor. Flagged as ambiguous match by helpix diff.
add_alias,SONY:LYTIA 602,,Aliases,,LYT-602,https://spinformation.info/all/smartphone-image-sensor/; https://helpix.ru/isensor/sony_lyt-602/,secondary,High,Model number LYT-602 used by SP information and helpix for this sensor.,
merge,SONY:LYT-700,SONY:LYTIA 700,,,,https://spinformation.info/all/smartphone-image-sensor/; https://helpix.ru/isensor/; https://techgenyz.com/sony-mobile-image-sensors-brand-lytia/,secondary,High,"SP information lists this part as ""LYT-700"" (50MP 1/1.56 1.0um); helpix lists ""Sony LYT-700"" with the same specs; LYTIA is the Sony mobile sensor brand and LYT-xxx the model number.",LYT-700 row has 0 phone mappings; SONY:LYTIA 700 is survivor. Flagged as ambiguous match by helpix diff.
add_alias,SONY:LYTIA 700,,Aliases,,LYT-700,https://spinformation.info/all/smartphone-image-sensor/; https://helpix.ru/isensor/,secondary,High,Model number LYT-700 used by SP information and helpix for this sensor.,
merge,SONY:LYT-701,SONY:LYTIA 701,,,,https://spinformation.info/all/smartphone-image-sensor/; https://helpix.ru/isensor/sony_lyt-701/; https://techgenyz.com/sony-mobile-image-sensors-brand-lytia/,secondary,High,"SP information lists this part as ""LYT-701"" (50MP 1/1.56 1.0um); helpix lists ""Sony LYT-701"" with the same specs; LYTIA is the Sony mobile sensor brand and LYT-xxx the model number.",LYT-701 row has 0 phone mappings; SONY:LYTIA 701 is survivor. Flagged as ambiguous match by helpix diff.
add_alias,SONY:LYTIA 701,,Aliases,,LYT-701,https://spinformation.info/all/smartphone-image-sensor/; https://helpix.ru/isensor/sony_lyt-701/,secondary,High,Model number LYT-701 used by SP information and helpix for this sensor.,
merge,SONY:LYT-818,SONY:LYTIA 818 / IMX06C,,,,https://spinformation.info/all/smartphone-image-sensor/; https://helpix.ru/isensor/sony_lyt-818/; https://techgenyz.com/sony-mobile-image-sensors-brand-lytia/,secondary,High,"SP information lists this part as ""LYT-818"" (50MP 1/1.28 1.22um); helpix lists ""Sony LYT-818"" with the same specs; LYTIA is the Sony mobile sensor brand and LYT-xxx the model number.",LYT-818 row has 0 phone mappings; SONY:LYTIA 818 / IMX06C is survivor. Flagged as ambiguous match by helpix diff.
add_alias,SONY:LYTIA 818 / IMX06C,,Aliases,,LYT-818,https://spinformation.info/all/smartphone-image-sensor/; https://helpix.ru/isensor/sony_lyt-818/,secondary,High,Model number LYT-818 used by SP information and helpix for this sensor.,
merge,SONY:LYT-828,SONY:LYTIA 828,,,,https://spinformation.info/all/smartphone-image-sensor/; https://helpix.ru/isensor/sony_lyt-828/; https://techgenyz.com/sony-mobile-image-sensors-brand-lytia/,secondary,High,"SP information lists this part as ""LYT-828"" (50MP 1/1.28 1.22um); helpix lists ""Sony LYT-828"" with the same specs; LYTIA is the Sony mobile sensor brand and LYT-xxx the model number.",LYT-828 row has 0 phone mappings; SONY:LYTIA 828 is survivor. Flagged as ambiguous match by helpix diff.
add_alias,SONY:LYTIA 828,,Aliases,,LYT-828,https://spinformation.info/all/smartphone-image-sensor/; https://helpix.ru/isensor/sony_lyt-828/,secondary,High,Model number LYT-828 used by SP information and helpix for this sensor.,
merge,SONY:LYT-T808,SONY:LYTIA T808,,,,https://spinformation.info/all/smartphone-image-sensor/; https://helpix.ru/isensor/sony_lytia-t808/; https://techgenyz.com/sony-mobile-image-sensors-brand-lytia/,secondary,High,"SP information lists this part as ""LYT-T808"" (1.12um (MP/size differ, see set_spec)); helpix lists ""Sony LYT-T808"" with the same specs; LYTIA is the Sony mobile sensor brand and LYT-xxx the model number.",LYT-T808 row has 0 phone mappings; SONY:LYTIA T808 is survivor. Flagged as ambiguous match by helpix diff.
add_alias,SONY:LYTIA T808,,Aliases,,LYT-T808,https://spinformation.info/all/smartphone-image-sensor/; https://helpix.ru/isensor/sony_lytia-t808/,secondary,High,Model number LYT-T808 used by SP information and helpix for this sensor.,
set_spec,SONY:LYTIA T808,,Resolution_MP,52,48,https://www.oneplus.com/us/press/press-release/oneplus-ignites-the-foldable-smartphone-market-with-global-launch-of-the-oneplus-open; https://www.gsmarena.com/oneplus_open-review-2627p5.php; https://helpix.ru/isensor/,official,Medium,"OnePlus press release: ""48MP SONY LYTIA-T808 ... The 1/1.43-inch large sensor boast a 1.12um pixel size"". GSMArena: ""a 52MP multi-aspect sensor that outputs 48MP effective resolution in 4:3 aspect ratio"". helpix: 48MP 1/1.43 1.12um.","52MP is the full multi-aspect array (SP information pairs it with 1/1.35); 48MP is the 4:3 output matching the stored 1/1.43 and 1.12um, which stay unchanged. Same convention applied to SONY:IMX789 RGGB; if full-array values are preferred instead, use 52 + 1/1.35 for both."
merge,OMNIVISION:OVH9000,OMNIVISION:OVH9000 / OV50H,,,,https://spinformation.info/all/smartphone-image-sensor/; https://helpix.ru/isensor/omnivision_ovh9000/,secondary,High,"Both IDs name the same OmniVision OVH9000 (50MP 1/1.3) used by Honor. SP information row ""OVH9000/OV50H"": 50MP 1/1.3 1.2um, HONOR Magic 8 Pro / Magic 6.","OMNIVISION:OVH9000 has 0 mappings; its helpix pixel 1.12um is inconsistent with 50MP at 1/1.3 (1.2um fits, also GSMArena). Survivor keeps 1.2um."
add_alias,OMNIVISION:OVH9000 / OV50H,,Aliases,,OVH9000,https://www.gsmarena.com/honor_magic6_pro-review-2674p5.php; https://helpix.ru/isensor/omnivision_ovh9000/,secondary,High,"helpix names it OmniVision OVH9000; GSMArena: ""Honor calls this sensor H9000"".",H9000 is another candidate alias.
needs_human,OMNIVISION:OVH9000 / OV50H,OMNIVISION:OV50H,,,,https://www.gsmarena.com/honor_magic6_pro-review-2674p5.php; https://spinformation.info/all/smartphone-image-sensor/,secondary,Medium,"GSMArena: ""Honor calls this sensor H9000, which appears to be a customized version of the OmniVision OV50H"" (1/1.3"", 1.2um). SP information lists OV50H and OVH9000/OV50H as separate rows with identical 50MP 1/1.3 1.2um specs.",No source confirms same die vs Honor-specific variant (Honor markets custom HDR). Recommend keep separate and rename survivor ID to OMNIVISION:OVH9000; merge into OV50H only if a teardown/official statement confirms identical die.
set_spec,SONY:IMX882,,Pixel_Size_um,0.7,0.8,https://helpix.ru/isensor/sony_imx882/; https://spinformation.info/all/smartphone-image-sensor/,secondary,High,"helpix IMX882: 50MP, 1/1.95"", 0.8um. SP information ""LYT-600/IMX882"": 50MP 1/1.953 0.8um.",0.7um is geometrically inconsistent with 50MP at 1/1.95 (0.8um fits).
needs_human,SONY:LYTIA 600 / IMX882,SONY:IMX882,,,,https://spinformation.info/all/smartphone-image-sensor/; https://www.sonyalpharumors.com/sony-is-slowly-ending-the-imx-sensor-lineup-and-rebranding-existing-products-to-lytia-series/; https://helpix.ru/isensor/sony_lyt-600/,secondary,Medium,"SP information lists one row ""LYT-600/IMX882"". SonyAlphaRumors (citing Yogesh Brar): ""IMX882 is LYT600"". helpix IMX882 and LYT-600 pages: identical specs, ""possibly just two names of the same sensor"".","IMX882 has 61 mappings vs 3, so IMX882 survives. No official Sony statement fetched (sony-semicon.com excluded). Downgrade to needs_human if Medium secondary evidence is not enough. Lead review: held back; identity rests on tipster/secondary evidence only."
needs_human,SONY:IMX882,,Aliases,,LYT-600; LYTIA 600,https://spinformation.info/all/smartphone-image-sensor/; https://helpix.ru/isensor/sony_lyt-600/,secondary,Medium,"helpix LYT-600: ""may also be called Sony LYTIA-600, Sony LYT600"".",Only if the merge above is accepted. Lead review: held back; identity rests on tipster/secondary evidence only.
needs_human,SONY:IMX890,SONY:LYTIA 701,,,,https://www.sonyalpharumors.com/sony-is-slowly-ending-the-imx-sensor-lineup-and-rebranding-existing-products-to-lytia-series/; https://spinformation.info/all/smartphone-image-sensor/,secondary,Medium,"SonyAlphaRumors (tipster Yogesh Brar): ""IMX890 is now LYT701"". SP information lists LYT-701 as its own row (50MP 1/1.56 1.0um).","Specs match (IMX890 50.3MP 1/1.56 1.0um) but evidence is a tipster claim only; not merged. IMX890 has 42 mappings, LYTIA 701 has 2."
set_spec,SAMSUNG:3J1,,Resolution_MP,10,10.87,https://semiconductor.samsung.com/aemapi/semi/prdSpecInfo?siteCode=global&iaId=542&prdId=,official,High,"Samsung spec: Effective Resolution ""3,976 x 2,736 (10.87MP)"", 1.22um, 1/3"".",SP information also: S5K3J1 10.8MP 3976x2736.
set_spec,SAMSUNG:3J1,,Resolution_Px,,3976 x 2736,https://semiconductor.samsung.com/aemapi/semi/prdSpecInfo?siteCode=global&iaId=542&prdId=,official,High,"Samsung spec: ""3,976 x 2,736 (10.87MP)"".",Gap fill.
set_spec,SAMSUNG:JN3,,Pixel_Size_um,0.64,0.7,https://helpix.ru/isensor/samsung_isocell_jn3/; https://www.gsmarena.com/samsung_galaxy_s25_ultra-review-2793p5.php,secondary,High,"helpix JN3: 50MP, 1/2.51"", 0.7um (Galaxy S25/S26 Ultra ultrawide). GSMArena S25 Ultra review: ISOCELL JN3 (S5KJN3) 50MP 1/2.5"" 0.7um-1.4um.","0.64um / 1/2.76 are JN1/JNP values, likely copied in error. Samsung has no public JN3 page (404)."
set_spec,SAMSUNG:JN3,,Sensor_Size,1/2.76,1/2.51,https://helpix.ru/isensor/samsung_isocell_jn3/; https://www.gsmarena.com/samsung_galaxy_s25_ultra-review-2793p5.php,secondary,High,"helpix: 1/2.51""; GSMArena: 1/2.5"".",
set_spec,SAMSUNG:JNP,,Sensor_Size,,1/2.74,https://semiconductor.samsung.com/image-sensor/mobile-image-sensor/isocell-jnp/,official,High,"Samsung ISOCELL JNP: 8,192 x 6,144 (50MP), 0.64um, Optical Format 1/2.74"".",Gap fill from Samsung diff.
set_spec,SONY:IMX355,,Sensor_Size,1/2.8,1/4,https://helpix.ru/isensor/sony_imx355/; https://www.gsmarena.com/oneplus_nord_4-review-2724p5.php,secondary,High,"GSMArena OnePlus Nord 4 review: ""8MP Sony IMX355 1/4.0"", 1.12um"". helpix IMX355: 8MP 1/4.00"" 1.12um.",3280x2464 at 1.12um fits 1/4; 1/2.8 would need ~1.5um pixels.
set_spec,SONY:IMX355,,Pixel_Size_um,1.14,1.12,https://helpix.ru/isensor/sony_imx355/; https://www.gsmarena.com/oneplus_nord_4-review-2724p5.php,secondary,High,GSMArena and helpix: 1.12um.,
set_spec,SONY:IMX486,,Sensor_Size,1/1.9,1/2.9,https://helpix.ru/isensor/sony_imx486/; https://www.gsmarena.com/sony_xperia_pro_i_hands_on-review-2338p4.php,secondary,High,"GSMArena Xperia Pro-I: ""Sony IMX486 12MP 1/2.9"" sensor with 1.25um pixels"". helpix: 1/2.90"".",1/1.9 is a typo in SP information; 12MP at 1.25um fits 1/2.9.
set_spec,SONY:IMX816,,Pixel_Size_um,0.7,0.6,https://www.techinsights.com/blog/sony-imx816-060-mm-device-essentials-folder; https://helpix.ru/isensor/sony_imx816/,secondary,Medium,"TechInsights teardown: Sony IMX816, 50MP, 1/2.93"", 0.60um pixel pitch (Honor 100 Pro front camera). helpix: 0.60um 1/2.93"".","Conflict: SP information 0.7um 1/2.51; GSMArena iQOO 13 review ""IMX816 1/2.51"" 0.64um"" (internally inconsistent). Teardown measurement preferred."
set_spec,SONY:IMX816,,Sensor_Size,1/2.51,1/2.93,https://www.techinsights.com/blog/sony-imx816-060-mm-device-essentials-folder; https://helpix.ru/isensor/sony_imx816/,secondary,Medium,"TechInsights and helpix: 1/2.93"".","If the iQOO 13 telephoto is really a different 0.7um part, its mapping needs review."
set_spec,OMNIVISION:OV32B,,Sensor_Size,1/3.14,1/3,https://www.ovt.com/press-releases/omnivision-brings-32mp-resolution-to-selfie-cameras-in-compact-13-optical-format-with-new-07-micron-pixel-smartphone-image-sensor/,official,High,"OmniVision press release: 0.7-micron pixel ""to provide 32-megapixel (MP) resolution in a 1/3"" optical format"".","helpix also 1/3.00""."
set_spec,OMNIVISION:OV60A,,Sensor_Size,1/2.61,1/2.8,https://www.ovt.com/press-releases/omnivision-announces-worlds-first-0-61-%C2%B5m-pixel-high-resolution-4k-image-sensor-for-high-end-mobile-phone-front-facing-rear-facing-cameras/,official,High,"OmniVision press release: 60MP, 0.61um, ""can fit into a 1/2.8-inch optical format"".","helpix also 1/2.80""."
set_spec,SONY:IMX789 RGGB,,Resolution_MP,52,48,https://www.oneplus.com/us/press/press-release/oneplus-launches-oneplus-9-series-flagship-smartphones-and-first; https://helpix.ru/isensor/sony_imx789/,official,Medium,"OnePlus press release: ""The OnePlus 9 Pro's 48MP main camera features a custom-designed IMX789 sensor ... 1/1.4"" sensor"". helpix: 48MP 1/1.43"" 1.12um.",Multi-aspect sensor: 52MP / 1/1.35 is the full 16:11 array (SP information; its listed 8000x6016 px is the 48MP 4:3 area). Same 4:3 convention as LYTIA T808; decide both together.
set_spec,SONY:IMX789 RGGB,,Sensor_Size,1/1.35,1/1.43,https://www.oneplus.com/us/press/press-release/oneplus-launches-oneplus-9-series-flagship-smartphones-and-first; https://helpix.ru/isensor/sony_imx789/,official,Medium,"OnePlus: 1/1.4""; helpix: 1/1.43"".",See Resolution_MP row.
