DXOMARK_Brand,DXOMARK_Model,DXOMARK_Device,DXOMARK_Camera_Score,DXOMARK_Photo_Score,DXOMARK_Video_Score,DXOMARK_Selfie_Score,DXOMARK_Display_Score,DXOMARK_Battery_Score,DXOMARK_Launch_Price_USD,DXOMARK_Launch_Date,DXOMARK_Camera_Protocol,DXOMARK_Source_URL,DXOMARK_Source_Type,DXOMARK_Checked_Date
Google,Pixel 3,Google Pixel 3,,,,123,,,799,2018-10-01,,https://www.dxomark.com/smartphones/Google/Pixel-3,DXOMARK smartphone ranking,2026-09-27
Xiaomi,Mi MIX 3,Xiaomi Mi MIX 3,,,,109,,,599,2018-10-01,,https://www.dxomark.com/smartphones/Xiaomi/Mi-MIX-3,DXOMARK smartphone ranking,2026-09-27
Apple,iPhone XS Max,Apple iPhone XS Max,,,,105,,,1099,2018-09-01,,https://www.dxomark.com/smartphones/Apple/iPhone-XS-Max,DXOMARK smartphone ranking,2026-09-27
Huawei,P20 Pro,Huawei P20 Pro,,,,91,,,899,2018-03-01,,https://www.dxomark.com/smartphones/Huawei/P20-Pro,DXOMARK smartphone ranking,2026-09-27
Intex,Aqua Selfie,Intex Aqua Selfie,,,,25,,,1,2017-07-01,,https://www.dxomark.com/smartphones/Intex/Aqua-Selfie,DXOMARK smartphone ranking,2026-09-27
Apple,iPhone X,Apple iPhone X,,,,89,,,999,2017-11-01,,https://www.dxomark.com/smartphones/Apple/iPhone-X,DXOMARK smartphone ranking,2026-09-27
Google,Pixel 2,Google Pixel 2,,,,99,,,649,2017-10-01,,https://www.dxomark.com/smartphones/Google/Pixel-2,DXOMARK smartphone ranking,2026-09-27
OnePlus,7 Pro,OnePlus 7 Pro,,,,113,,,669,2019-05-01,,https://www.dxomark.com/smartphones/OnePlus/7-Pro,DXOMARK smartphone ranking,2026-09-27
LG,G8 ThinQ,LG G8 ThinQ,,,,,,,819,2019-02-01,,https://www.dxomark.com/smartphones/LG/G8-ThinQ,DXOMARK smartphone ranking,2026-09-27
Huawei,P30 Pro,Huawei P30 Pro,,,,118,,,999,2019-03-01,,https://www.dxomark.com/smartphones/Huawei/P30-Pro,DXOMARK smartphone ranking,2026-09-27
Huawei,Mate 20 Pro,Huawei Mate 20 Pro,,,,96,,,999,2018-12-01,,https://www.dxomark.com/smartphones/Huawei/Mate-20-Pro,DXOMARK smartphone ranking,2026-09-27
Meitu,T9,Meitu T9,,,,89,,,515,2018-06-01,,https://www.dxomark.com/smartphones/Meitu/T9,DXOMARK smartphone ranking,2026-09-27
Meitu,V6,Meitu V6,,,,77,,,772,2017-11-01,,https://www.dxomark.com/smartphones/Meitu/V6,DXOMARK smartphone ranking,2026-09-27
Samsung,Galaxy S8,Samsung Galaxy S8,,,,94,,,809,2017-03-01,,https://www.dxomark.com/smartphones/Samsung/Galaxy-S8,DXOMARK smartphone ranking,2026-09-27
Sony,Xperia 1,Sony Xperia 1,,,,100,,,999,2019-02-01,,https://www.dxomark.com/smartphones/Sony/Xperia-1,DXOMARK smartphone ranking,2026-09-27
Lenovo,Z6 Pro,Lenovo Z6 Pro,,,,94,,,499,2019-09-01,,https://www.dxomark.com/smartphones/Lenovo/Z6-Pro,DXOMARK smartphone ranking,2026-09-27
Honor,20 Pro,Honor 20 Pro,,,,112,,,599,2019-05-01,,https://www.dxomark.com/smartphones/Honor/20-Pro,DXOMARK smartphone ranking,2026-09-27
Samsung,Galaxy S10+,Samsung Galaxy S10+,,,,,,,1009,2019-03-01,,https://www.dxomark.com/smartphones/Samsung/Galaxy-S10+,DXOMARK smartphone ranking,2026-09-27
Asus,ZenFone 6,Asus ZenFone 6,,,,132,,,499,2019-05-01,,https://www.dxomark.com/smartphones/Asus/ZenFone-6,DXOMARK smartphone ranking,2026-09-27
Huawei,Mate 30 Pro,Huawei Mate 30 Pro,,,,124,,,1099,2019-09-01,,https://www.dxomark.com/smartphones/Huawei/Mate-30-Pro,DXOMARK smartphone ranking,2026-09-27
Apple,iPhone 11 Pro Max,Apple iPhone 11 Pro Max,122,126,124,122,122,,1099,2019-09-01,V5,https://www.dxomark.com/smartphones/Apple/iPhone-11-Pro-Max,DXOMARK smartphone ranking,2026-09-27
Huawei,Mate 20 X,Huawei Mate 20 X,,,,,,,899,2018-10-01,,https://www.dxomark.com/smartphones/Huawei/Mate-20-X,DXOMARK smartphone ranking,2026-09-27
Xiaomi,Mi CC9 Pro Premium Edition,Xiaomi Mi CC9 Pro Premium Edition,,,,100,,,530,2019-11-01,,https://www.dxomark.com/smartphones/Xiaomi/Mi-CC9-Pro-Premium-Edition,DXOMARK smartphone ranking,2026-09-27
Asus,ROG Phone 2,Asus ROG Phone 2,,,,,,,899,2019-03-01,,https://www.dxomark.com/smartphones/Asus/ROG-Phone-2,DXOMARK smartphone ranking,2026-09-27
Huawei,nova 6 5G,Huawei nova 6 5G,,,,136,,,576,2019-12-01,,https://www.dxomark.com/smartphones/Huawei/nova-6-5G,DXOMARK smartphone ranking,2026-09-27
Nokia,7.2,Nokia 7.2,,,,100,,,349,2019-09-01,,https://www.dxomark.com/smartphones/Nokia/7.2,DXOMARK smartphone ranking,2026-09-27
Google,Pixel 4,Google Pixel 4,,,,124,,,799,2019-10-01,,https://www.dxomark.com/smartphones/Google/Pixel-4,DXOMARK smartphone ranking,2026-09-27
Huawei,Mate 30 Pro 5G,Huawei Mate 30 Pro 5G,,,,112,,,1045,2019-09-01,,https://www.dxomark.com/smartphones/Huawei/Mate-30-Pro-5G,DXOMARK smartphone ranking,2026-09-27
Black Shark,2 Pro,Black Shark 2 Pro,,,,,,,599,2019-07-01,,https://www.dxomark.com/smartphones/Black-Shark/2-Pro,DXOMARK smartphone ranking,2026-09-27
Xiaomi,Mi 10 Pro,Xiaomi Mi 10 Pro,,,,109,,,999,2020-02-01,,https://www.dxomark.com/smartphones/Xiaomi/Mi-10-Pro,DXOMARK smartphone ranking,2026-09-27
Realme,X2 Pro,Realme X2 Pro,,,,96,,,399,2019-10-01,,https://www.dxomark.com/smartphones/Realme/X2-Pro,DXOMARK smartphone ranking,2026-09-27
Oppo,Find X2 Pro,Oppo Find X2 Pro,,,,97,,,1199,2020-05-01,,https://www.dxomark.com/smartphones/Oppo/Find-X2-Pro,DXOMARK smartphone ranking,2026-09-27
Nubia,Red Magic 3S,Nubia Red Magic 3S,,,,,,,479,2019-09-01,,https://www.dxomark.com/smartphones/Nubia/Red-Magic-3S,DXOMARK smartphone ranking,2026-09-27
Honor,V30 Pro,Honor V30 Pro,,,,102,,,590,2019-11-01,,https://www.dxomark.com/smartphones/Honor/V30-Pro,DXOMARK smartphone ranking,2026-09-27
Sony,Xperia 5,Sony Xperia 5,,,,102,,,799,2019-09-01,,https://www.dxomark.com/smartphones/Sony/Xperia-5,DXOMARK smartphone ranking,2026-09-27
Apple,iPhone 11,Apple iPhone 11,116,125,125,122,,,699,2019-09-01,V5,https://www.dxomark.com/smartphones/Apple/iPhone-11,DXOMARK smartphone ranking,2026-09-27
Huawei,P40 Pro,Huawei P40 Pro,129,130,127,141,,,1099,2020-03-01,V5,https://www.dxomark.com/smartphones/Huawei/P40-Pro,DXOMARK smartphone ranking,2026-09-27
Samsung,Galaxy A71,Samsung Galaxy A71,,,,107,,,479,2019-12-01,,https://www.dxomark.com/smartphones/Samsung/Galaxy-A71,DXOMARK smartphone ranking,2026-09-27
Samsung,Galaxy Z Flip,Samsung Galaxy Z Flip,,,,111,,,1380,2020-02-01,,https://www.dxomark.com/smartphones/Samsung/Galaxy-Z-Flip,DXOMARK smartphone ranking,2026-09-27
Samsung,Galaxy S20+,Samsung Galaxy S20+,,,,,,,1009,2020-02-01,,https://www.dxomark.com/smartphones/Samsung/Galaxy-S20+,DXOMARK smartphone ranking,2026-09-27
OnePlus,8 Pro,OnePlus 8 Pro,113,113,109,123,,,899,2020-04-01,V5,https://www.dxomark.com/smartphones/OnePlus/8-Pro,DXOMARK smartphone ranking,2026-09-27
Motorola,Edge+,Motorola Edge+,,,,,,,999,2020-04-01,,https://www.dxomark.com/smartphones/Motorola/Edge+,DXOMARK smartphone ranking,2026-09-27
Asus,ROG Phone 3,Asus ROG Phone 3,,,,,,,999,2020-08-01,,https://www.dxomark.com/smartphones/Asus/ROG-Phone-3,DXOMARK smartphone ranking,2026-09-27
LG,V60 ThinQ 5G,LG V60 ThinQ 5G,,,,,,,799,2020-02-01,,https://www.dxomark.com/smartphones/LG/V60-ThinQ-5G,DXOMARK smartphone ranking,2026-09-27
OnePlus,8,OnePlus 8,,,,,,,699,2020-04-01,,https://www.dxomark.com/smartphones/OnePlus/8,DXOMARK smartphone ranking,2026-09-27
Apple,iPhone SE (2020),Apple iPhone SE (2020),,,,110,,,399,2020-04-01,,https://www.dxomark.com/smartphones/Apple/iPhone-SE-(2020),DXOMARK smartphone ranking,2026-09-27
Black Shark,3 Pro,Black Shark 3 Pro,,,,,,,899,2020-03-01,,https://www.dxomark.com/smartphones/Black-Shark/3-Pro,DXOMARK smartphone ranking,2026-09-27
Sony,Xperia 1 II,Sony Xperia 1 II,,,,,,,1199,2020-02-01,,https://www.dxomark.com/smartphones/Sony/Xperia-1-II,DXOMARK smartphone ranking,2026-09-27
Xiaomi,Mi 10 Ultra,Xiaomi Mi 10 Ultra,129,129,118,115,103,,803,2020-08-01,V5,https://www.dxomark.com/smartphones/Xiaomi/Mi-10-Ultra,DXOMARK smartphone ranking,2026-09-27
Nubia,Red Magic 5S,Nubia Red Magic 5S,,,,,,,579,2020-07-01,,https://www.dxomark.com/smartphones/Nubia/Red-Magic-5S,DXOMARK smartphone ranking,2026-09-27
Vivo,X50 Pro+,Vivo X50 Pro+,125,130,117,,,,757,2020-06-01,V5,https://www.dxomark.com/smartphones/Vivo/X50-Pro+,DXOMARK smartphone ranking,2026-09-27
Asus,ZenFone 7 Pro,Asus ZenFone 7 Pro,,,,137,,,799,2020-12-01,,https://www.dxomark.com/smartphones/Asus/ZenFone-7-Pro,DXOMARK smartphone ranking,2026-09-27
Huawei,P40,Huawei P40,102,108,81,,,,799,2020-03-01,V5,https://www.dxomark.com/smartphones/Huawei/P40,DXOMARK smartphone ranking,2026-09-27
Huawei,Mate 40 Pro,Huawei Mate 40 Pro,135,136,136,142,,,1199,2020-10-01,V5,https://www.dxomark.com/smartphones/Huawei/Mate-40-Pro,DXOMARK smartphone ranking,2026-09-27
Google,Pixel 5,Google Pixel 5,109,119,106,126,,93,699,2020-10-01,V5,https://www.dxomark.com/smartphones/Google/Pixel-5,DXOMARK smartphone ranking,2026-09-27
Apple,iPhone 12,Apple iPhone 12,117,127,130,132,121,,799,2020-10-01,V5,https://www.dxomark.com/smartphones/Apple/iPhone-12,DXOMARK smartphone ranking,2026-09-27
Lenovo,Legion Phone Pro,Lenovo Legion Phone Pro,,,,,,,899,2020-07-01,,https://www.dxomark.com/smartphones/Lenovo/Legion-Phone-Pro,DXOMARK smartphone ranking,2026-09-27
POCO,X3 NFC,POCO X3 NFC,,,,,,,229,2020-09-01,,https://www.dxomark.com/smartphones/POCO/X3-NFC,DXOMARK smartphone ranking,2026-09-27
Apple,iPhone 12 Pro,Apple iPhone 12 Pro,127,126,130,132,124,,999,2020-10-01,V5,https://www.dxomark.com/smartphones/Apple/iPhone-12-Pro,DXOMARK smartphone ranking,2026-09-27
Google,Pixel 4a,Google Pixel 4a,100,116,100,,,,349,2020-08-01,V5,https://www.dxomark.com/smartphones/Google/Pixel-4a,DXOMARK smartphone ranking,2026-09-27
Apple,iPhone 12 Pro Max,Apple iPhone 12 Pro Max,131,131,130,132,127,121,1099,2020-10-01,V5,https://www.dxomark.com/smartphones/Apple/iPhone-12-Pro-Max,DXOMARK smartphone ranking,2026-09-27
Samsung,Galaxy Note20 Ultra 5G (Exynos),Samsung Galaxy Note20 Ultra 5G (Exynos),,,,136,,,1309,2020-08-01,,https://www.dxomark.com/smartphones/Samsung/Galaxy-Note20-Ultra-5G-(Exynos),DXOMARK smartphone ranking,2026-09-27
Samsung,Galaxy S10+ (Exynos),Samsung Galaxy S10+ (Exynos),,,,129,,,1009,2019-02-01,,https://www.dxomark.com/smartphones/Samsung/Galaxy-S10+-(Exynos),DXOMARK smartphone ranking,2026-09-27
Samsung,Galaxy S10 5G (Exynos),Samsung Galaxy S10 5G (Exynos),,,,130,,,1199,2019-02-01,,https://www.dxomark.com/smartphones/Samsung/Galaxy-S10-5G-(Exynos),DXOMARK smartphone ranking,2026-09-27
Samsung,Galaxy Note 10+ (Exynos),Samsung Galaxy Note 10+ (Exynos),,,,,,,1109,2019-08-01,,https://www.dxomark.com/smartphones/Samsung/Galaxy-Note-10+-(Exynos),DXOMARK smartphone ranking,2026-09-27
Samsung,Galaxy Note 10+ 5G (Exynos),Samsung Galaxy Note 10+ 5G (Exynos),,,,134,,,1199,2019-08-01,,https://www.dxomark.com/smartphones/Samsung/Galaxy-Note-10+-5G-(Exynos),DXOMARK smartphone ranking,2026-09-27
Samsung,Galaxy S20 Ultra 5G (Exynos),Samsung Galaxy S20 Ultra 5G (Exynos),,,,137,,,1359,2020-02-01,,https://www.dxomark.com/smartphones/Samsung/Galaxy-S20-Ultra-5G-(Exynos),DXOMARK smartphone ranking,2026-09-27
Samsung,Galaxy Note20 Ultra 5G (Snapdragon),Samsung Galaxy Note20 Ultra 5G (Snapdragon),,,,130,,,1299,2020-08-01,,https://www.dxomark.com/smartphones/Samsung/Galaxy-Note20-Ultra-5G-(Snapdragon),DXOMARK smartphone ranking,2026-09-27
Huawei,Mate 40 Pro+,Huawei Mate 40 Pro+,139,141,131,,,,1363,2020-10-01,V5,https://www.dxomark.com/smartphones/Huawei/Mate-40-Pro+,DXOMARK smartphone ranking,2026-09-27
Xiaomi,Mi 10T Pro 5G,Xiaomi Mi 10T Pro 5G,,,,116,,114,599,2020-10-01,,https://www.dxomark.com/smartphones/Xiaomi/Mi-10T-Pro-5G,DXOMARK smartphone ranking,2026-09-27
Oppo,Reno4 Pro 5G,Oppo Reno4 Pro 5G,,,,95,,,799,2020-06-01,,https://www.dxomark.com/smartphones/Oppo/Reno4-Pro-5G,DXOMARK smartphone ranking,2026-09-27
OnePlus,8T,OnePlus 8T,,,,107,,112,599,2020-10-01,,https://www.dxomark.com/smartphones/OnePlus/8T,DXOMARK smartphone ranking,2026-09-27
Vivo,X51 5G,Vivo X51 5G,,,,103,,96,799,2020-10-01,,https://www.dxomark.com/smartphones/Vivo/X51-5G,DXOMARK smartphone ranking,2026-09-27
Samsung,Galaxy Note20 (Exynos),Samsung Galaxy Note20 (Exynos),,,,135,,,959,2020-08-01,,https://www.dxomark.com/smartphones/Samsung/Galaxy-Note20-(Exynos),DXOMARK smartphone ranking,2026-09-27
Apple,iPhone 12 mini,Apple iPhone 12 mini,117,128,129,132,,93,699,2020-10-01,V5,https://www.dxomark.com/smartphones/Apple/iPhone-12-mini,DXOMARK smartphone ranking,2026-09-27
Asus,ROG Phone 5,Asus ROG Phone 5,,,,,,,799,2021-03-01,,https://www.dxomark.com/smartphones/Asus/ROG-Phone-5,DXOMARK smartphone ranking,2026-09-27
Samsung,Galaxy S21 Ultra 5G (Exynos),Samsung Galaxy S21 Ultra 5G (Exynos),115,121,100,135,131,93,1259,2021-01-01,V5,https://www.dxomark.com/smartphones/Samsung/Galaxy-S21-Ultra-5G-(Exynos),DXOMARK smartphone ranking,2026-09-27
ZTE,Axon 20 5G,ZTE Axon 20 5G,,,,31,,,449,2020-09-01,,https://www.dxomark.com/smartphones/ZTE/Axon-20-5G,DXOMARK smartphone ranking,2026-09-27
Xiaomi,Mi 10 S,Xiaomi Mi 10 S,,,,,,,499,2021-03-01,,https://www.dxomark.com/smartphones/Xiaomi/Mi-10-S,DXOMARK smartphone ranking,2026-09-27
Motorola,Razr,Motorola Razr,,,,,,,1499,2020-11-01,,https://www.dxomark.com/smartphones/Motorola/Razr,DXOMARK smartphone ranking,2026-09-27
Samsung,Galaxy Z Fold2 5G,Samsung Galaxy Z Fold2 5G,,,,,,,1999,2020-08-01,,https://www.dxomark.com/smartphones/Samsung/Galaxy-Z-Fold2-5G,DXOMARK smartphone ranking,2026-09-27
Black Shark,4 Pro,Black Shark 4 Pro,,,,,,,605,2021-03-01,,https://www.dxomark.com/smartphones/Black-Shark/4-Pro,DXOMARK smartphone ranking,2026-09-27
Xiaomi,Mi 11,Xiaomi Mi 11,,,,112,125,82,799,2020-12-01,,https://www.dxomark.com/smartphones/Xiaomi/Mi-11,DXOMARK smartphone ranking,2026-09-27
Oppo,Reno5 Pro+ 5G,Oppo Reno5 Pro+ 5G,,,,,,,605,2021-01-01,,https://www.dxomark.com/smartphones/Oppo/Reno5-Pro+-5G,DXOMARK smartphone ranking,2026-09-27
Xiaomi,Mi 11 Ultra,Xiaomi Mi 11 Ultra,141,139,138,125,125,108,1200,2021-03-29,V5,https://www.dxomark.com/smartphones/Xiaomi/Mi-11-Ultra,DXOMARK smartphone ranking,2026-09-27
Samsung,Galaxy S21 Ultra 5G (Snapdragon),Samsung Galaxy S21 Ultra 5G (Snapdragon),117,125,112,133,130,111,1199,2021-01-14,V5,https://www.dxomark.com/smartphones/Samsung/Galaxy-S21-Ultra-5G-(Snapdragon),DXOMARK smartphone ranking,2026-09-27
Samsung,Galaxy S21 5G (Exynos),Samsung Galaxy S21 5G (Exynos),111,118,90,132,,100,859,2021-01-14,V5,https://www.dxomark.com/smartphones/Samsung/Galaxy-S21-5G-(Exynos),DXOMARK smartphone ranking,2026-09-27
Samsung,Galaxy S21+ 5G (Exynos),Samsung Galaxy S21+ 5G (Exynos),111,118,89,,,,1059,2021-01-14,V5,https://www.dxomark.com/smartphones/Samsung/Galaxy-S21+-5G-(Exynos),DXOMARK smartphone ranking,2026-09-27
Samsung,Galaxy S21 5G (Snapdragon),Samsung Galaxy S21 5G (Snapdragon),117,118,106,,,108,799,2021-01-14,V5,https://www.dxomark.com/smartphones/Samsung/Galaxy-S21-5G-(Snapdragon),DXOMARK smartphone ranking,2026-09-27
Vivo,X60 Pro+,Vivo X60 Pro+,126,126,120,,,,757,2020-12-01,V5,https://www.dxomark.com/smartphones/Vivo/X60-Pro+,DXOMARK smartphone ranking,2026-09-27
Huawei,P40 Lite,Huawei P40 Lite,,,,,,114,279,2020-02-27,,https://www.dxomark.com/smartphones/Huawei/P40-Lite,DXOMARK smartphone ranking,2026-09-27
Motorola,Moto G9 Power,Motorola Moto G9 Power,,,,,,111,229,2020-11-27,,https://www.dxomark.com/smartphones/Motorola/Moto-G9-Power,DXOMARK smartphone ranking,2026-09-27
Oppo,Find X3 Lite,Oppo Find X3 Lite,,,,,,109,449,2021-03-11,,https://www.dxomark.com/smartphones/Oppo/Find-X3-Lite,DXOMARK smartphone ranking,2026-09-27
Oppo,Find X3 Neo,Oppo Find X3 Neo,106,104,106,,123,126,799,2021-03-11,V5,https://www.dxomark.com/smartphones/Oppo/Find-X3-Neo,DXOMARK smartphone ranking,2026-09-27
Oppo,Find X3 Pro,Oppo Find X3 Pro,128,134,125,,125,105,1149,2021-03-11,V5,https://www.dxomark.com/smartphones/Oppo/Find-X3-Pro,DXOMARK smartphone ranking,2026-09-27
Realme,C11,Realme C11,,,,,,99,119,2020-06-30,,https://www.dxomark.com/smartphones/Realme/C11,DXOMARK smartphone ranking,2026-09-27
Samsung,Galaxy M51,Samsung Galaxy M51,,,,,,136,399,2020-08-31,,https://www.dxomark.com/smartphones/Samsung/Galaxy-M51,DXOMARK smartphone ranking,2026-09-27
Vivo,Y20s,Vivo Y20s,,,,,,116,199,2020-10-20,,https://www.dxomark.com/smartphones/Vivo/Y20s,DXOMARK smartphone ranking,2026-09-27
Wiko,Power U30,Wiko Power U30,,,,,,131,179,2021-04-12,,https://www.dxomark.com/smartphones/Wiko/Power-U30,DXOMARK smartphone ranking,2026-09-27
Xiaomi,Redmi 9,Xiaomi Redmi 9,,,,,,88,159,2020-06-01,,https://www.dxomark.com/smartphones/Xiaomi/Redmi-9,DXOMARK smartphone ranking,2026-09-27
Nubia,RedMagic 6 Pro,Nubia RedMagic 6 Pro,,,,,,127,699,2021-04-21,,https://www.dxomark.com/smartphones/Nubia/RedMagic-6-Pro,DXOMARK smartphone ranking,2026-09-27
Vivo,iQOO 7 Legend,Vivo iQOO 7 Legend,,,,,,,480,2021-01-11,,https://www.dxomark.com/smartphones/Vivo/iQOO-7-Legend,DXOMARK smartphone ranking,2026-09-27
Xiaomi,Redmi Note 10 Pro,Xiaomi Redmi Note 10 Pro,,,,,,129,279,2021-03-01,,https://www.dxomark.com/smartphones/Xiaomi/Redmi-Note-10-Pro,DXOMARK smartphone ranking,2026-09-27
Oppo,Reno4 5G,Oppo Reno4 5G,94,90,97,,,,549,2020-10-01,V5,https://www.dxomark.com/smartphones/Oppo/Reno4-5G,DXOMARK smartphone ranking,2026-09-27
Oppo,A54 5G,Oppo A54 5G,,,,,,119,259,2021-04-01,,https://www.dxomark.com/smartphones/Oppo/A54-5G,DXOMARK smartphone ranking,2026-09-27
Oppo,A74,Oppo A74,,,,,,133,249,2021-04-01,,https://www.dxomark.com/smartphones/Oppo/A74,DXOMARK smartphone ranking,2026-09-27
Wiko,Power U20,Wiko Power U20,,,,,,110,159,2021-01-01,,https://www.dxomark.com/smartphones/Wiko/Power-U20,DXOMARK smartphone ranking,2026-09-27
Samsung,Galaxy A52 5G,Samsung Galaxy A52 5G,88,92,72,,114,106,499,2021-03-17,V5,https://www.dxomark.com/smartphones/Samsung/Galaxy-A52-5G,DXOMARK smartphone ranking,2026-09-27
OnePlus,9 Pro,OnePlus 9 Pro,122,124,118,,124,104,969,2021-03-23,V5,https://www.dxomark.com/smartphones/OnePlus/9-Pro,DXOMARK smartphone ranking,2026-09-27
Samsung,Galaxy S21+ 5G (Snapdragon),Samsung Galaxy S21+ 5G (Snapdragon),115,117,106,,,,999,2021-01-14,V5,https://www.dxomark.com/smartphones/Samsung/Galaxy-S21+-5G-(Snapdragon),DXOMARK smartphone ranking,2026-09-27
Xiaomi,Redmi K40 Pro+,Xiaomi Redmi K40 Pro+,,,,,,,560,2021-02-01,,https://www.dxomark.com/smartphones/Xiaomi/Redmi-K40-Pro+,DXOMARK smartphone ranking,2026-09-27
Oppo,A74 5G,Oppo A74 5G,,,,,,121,299,2021-04-05,,https://www.dxomark.com/smartphones/Oppo/A74-5G,DXOMARK smartphone ranking,2026-09-27
Asus,Zenfone 8,Asus Zenfone 8,116,120,118,,115,102,629,2021-05-12,V5,https://www.dxomark.com/smartphones/Asus/Zenfone-8,DXOMARK smartphone ranking,2026-09-27
Oppo,A94 5G,Oppo A94 5G,93,94,88,,,127,359,2021-04-01,V5,https://www.dxomark.com/smartphones/Oppo/A94-5G,DXOMARK smartphone ranking,2026-09-27
Xiaomi,Mi 11 Lite 5G,Xiaomi Mi 11 Lite 5G,,,,,,107,399,2021-03-29,,https://www.dxomark.com/smartphones/Xiaomi/Mi-11-Lite-5G,DXOMARK smartphone ranking,2026-09-27
Xiaomi,Redmi Note 10,Xiaomi Redmi Note 10,,,,,,134,199,2021-03-04,,https://www.dxomark.com/smartphones/Xiaomi/Redmi-Note-10,DXOMARK smartphone ranking,2026-09-27
Xiaomi,Redmi Note 10 5G,Xiaomi Redmi Note 10 5G,,,,,,120,229,2021-03-04,,https://www.dxomark.com/smartphones/Xiaomi/Redmi-Note-10-5G,DXOMARK smartphone ranking,2026-09-27
Xiaomi,Redmi Note 10S,Xiaomi Redmi Note 10S,,,,,,132,199,2021-03-01,,https://www.dxomark.com/smartphones/Xiaomi/Redmi-Note-10S,DXOMARK smartphone ranking,2026-09-27
Xiaomi,Mi 11i,Xiaomi Mi 11i,,,,,,,699,2021-03-29,,https://www.dxomark.com/smartphones/Xiaomi/Mi-11i,DXOMARK smartphone ranking,2026-09-27
Samsung,Galaxy A72,Samsung Galaxy A72,92,100,78,,,131,449,2021-03-01,V5,https://www.dxomark.com/smartphones/Samsung/Galaxy-A72,DXOMARK smartphone ranking,2026-09-27
Asus,Smartphone for Snapdragon Insiders,Asus Smartphone for Snapdragon Insiders,127,131,123,,,,1499,2021-07-13,V5,https://www.dxomark.com/smartphones/Asus/Smartphone-for-Snapdragon-Insiders,DXOMARK smartphone ranking,2026-09-27
Vivo,X60 Pro 5G (Exynos),Vivo X60 Pro 5G (Exynos),108,113,92,,,,799,2021-03-01,V5,https://www.dxomark.com/smartphones/Vivo/X60-Pro-5G-(Exynos),DXOMARK smartphone ranking,2026-09-27
OnePlus,9,OnePlus 9,,,,,,122,729,2021-03-23,,https://www.dxomark.com/smartphones/OnePlus/9,DXOMARK smartphone ranking,2026-09-27
Huawei,P50 Pro,Huawei P50 Pro,143,143,139,144,134,123,907,2021-07-29,V5,https://www.dxomark.com/smartphones/Huawei/P50-Pro,DXOMARK smartphone ranking,2026-09-27
Asus,Zenfone 8 Flip,Asus Zenfone 8 Flip,,,,,,102,799,2021-05-12,,https://www.dxomark.com/smartphones/Asus/Zenfone-8-Flip,DXOMARK smartphone ranking,2026-09-27
Lenovo,Legion Phone 2 Pro,Lenovo Legion Phone 2 Pro,,,,,,,799,2021-04-08,,https://www.dxomark.com/smartphones/Lenovo/Legion-Phone-2-Pro,DXOMARK smartphone ranking,2026-09-27
Xiaomi,Redmi K40 Gaming,Xiaomi Redmi K40 Gaming,,,,,,,303,2021-04-30,,https://www.dxomark.com/smartphones/Xiaomi/Redmi-K40-Gaming,DXOMARK smartphone ranking,2026-09-27
ZTE,Axon 30 Ultra,ZTE Axon 30 Ultra,96,99,79,,,,749,2021-04-15,V5,https://www.dxomark.com/smartphones/ZTE/Axon-30-Ultra,DXOMARK smartphone ranking,2026-09-27
OnePlus,Nord CE 5G,OnePlus Nord CE 5G,84,89,80,,,136,299,2021-06-10,V5,https://www.dxomark.com/smartphones/OnePlus/Nord-CE-5G,DXOMARK smartphone ranking,2026-09-27
Vivo,Y72 5G,Vivo Y72 5G,,,,,,136,319,2021-03-22,,https://www.dxomark.com/smartphones/Vivo/Y72-5G,DXOMARK smartphone ranking,2026-09-27
Vivo,X60 Pro 5G (Snapdragon),Vivo X60 Pro 5G (Snapdragon),116,126,106,119,126,133,799,2021-03-01,V5,https://www.dxomark.com/smartphones/Vivo/X60-Pro-5G-(Snapdragon),DXOMARK smartphone ranking,2026-09-27
Realme,GT 5G,Realme GT 5G,,,,,120,115,449,2021-03-04,,https://www.dxomark.com/smartphones/Realme/GT-5G,DXOMARK smartphone ranking,2026-09-27
Samsung,Galaxy A22 5G,Samsung Galaxy A22 5G,48,54,31,,82,,259,2021-06-03,V5,https://www.dxomark.com/smartphones/Samsung/Galaxy-A22-5G,DXOMARK smartphone ranking,2026-09-27
Realme,C21,Realme C21,,,,,,99,119,2021-03-05,,https://www.dxomark.com/smartphones/Realme/C21,DXOMARK smartphone ranking,2026-09-27
Xiaomi,Mi 11 Pro,Xiaomi Mi 11 Pro,124,118,132,,,,757,2021-03-29,V5,https://www.dxomark.com/smartphones/Xiaomi/Mi-11-Pro,DXOMARK smartphone ranking,2026-09-27
OnePlus,Nord 2 5G,OnePlus Nord 2 5G,,,,,,128,399,2021-07-22,,https://www.dxomark.com/smartphones/OnePlus/Nord-2-5G,DXOMARK smartphone ranking,2026-09-27
Sony,Xperia 1 III,Sony Xperia 1 III,105,107,92,,,,1299,2021-04-14,V5,https://www.dxomark.com/smartphones/Sony/Xperia-1-III,DXOMARK smartphone ranking,2026-09-27
Oppo,Reno6 5G,Oppo Reno6 5G,89,88,100,106,115,146,499,2021-05-27,V5,https://www.dxomark.com/smartphones/Oppo/Reno6-5G,DXOMARK smartphone ranking,2026-09-27
Apple,iPhone 13 Pro,Apple iPhone 13 Pro,141,140,146,134,141,118,999,2021-09-14,V5,https://www.dxomark.com/smartphones/Apple/iPhone-13-Pro,DXOMARK smartphone ranking,2026-09-27
Apple,iPhone 13 mini,Apple iPhone 13 mini,125,133,144,134,130,99,699,2021-09-14,V5,https://www.dxomark.com/smartphones/Apple/iPhone-13-mini,DXOMARK smartphone ranking,2026-09-27
Samsung,Galaxy Z Fold3 5G,Samsung Galaxy Z Fold3 5G,120,129,105,83,,92,1799,2021-08-11,V5,https://www.dxomark.com/smartphones/Samsung/Galaxy-Z-Fold3-5G,DXOMARK smartphone ranking,2026-09-27
Apple,iPhone 13 Pro Max,Apple iPhone 13 Pro Max,141,140,146,134,142,136,1099,2021-09-15,V5,https://www.dxomark.com/smartphones/Apple/iPhone-13-Pro-Max,DXOMARK smartphone ranking,2026-09-27
Apple,iPhone 13,Apple iPhone 13,125,133,144,134,135,115,799,2021-09-14,V5,https://www.dxomark.com/smartphones/Apple/iPhone-13,DXOMARK smartphone ranking,2026-09-27
Oppo,Reno6 Pro 5G (Snapdragon),Oppo Reno6 Pro 5G (Snapdragon),,,,,,130,799,2021-09-09,,https://www.dxomark.com/smartphones/Oppo/Reno6-Pro-5G-(Snapdragon),DXOMARK smartphone ranking,2026-09-27
Google,Pixel 6 Pro,Google Pixel 6 Pro,134,138,133,138,130,81,899,2021-10-19,V5,https://www.dxomark.com/smartphones/Google/Pixel-6-Pro,DXOMARK smartphone ranking,2026-09-27
Google,Pixel 6,Google Pixel 6,126,136,133,129,125,97,599,2021-10-19,V5,https://www.dxomark.com/smartphones/Google/Pixel-6,DXOMARK smartphone ranking,2026-09-27
Motorola,Edge 20 Pro,Motorola Edge 20 Pro,,,,,,118,699,2021-07-29,,https://www.dxomark.com/smartphones/Motorola/Edge-20-Pro,DXOMARK smartphone ranking,2026-09-27
Samsung,Galaxy A52s 5G,Samsung Galaxy A52s 5G,88,82,91,,,,459,2021-08-17,V5,https://www.dxomark.com/smartphones/Samsung/Galaxy-A52s-5G,DXOMARK smartphone ranking,2026-09-27
Xiaomi,11T Pro,Xiaomi 11T Pro,108,110,126,121,,126,699,2021-09-15,V5,https://www.dxomark.com/smartphones/Xiaomi/11T-Pro,DXOMARK smartphone ranking,2026-09-27
Xiaomi,11T,Xiaomi 11T,,,,115,,136,499,2021-09-15,,https://www.dxomark.com/smartphones/Xiaomi/11T,DXOMARK smartphone ranking,2026-09-27
Realme,GT Neo 2 5G,Realme GT Neo 2 5G,,,,,114,144,469,2021-09-22,,https://www.dxomark.com/smartphones/Realme/GT-Neo-2-5G,DXOMARK smartphone ranking,2026-09-27
Vivo,X70 Pro+,Vivo X70 Pro+,134,132,133,115,130,,833,2021-09-09,V5,https://www.dxomark.com/smartphones/Vivo/X70-Pro+,DXOMARK smartphone ranking,2026-09-27
Vivo,X70 Pro (MediaTek),Vivo X70 Pro (MediaTek),126,130,125,,,,651,2021-09-09,V5,https://www.dxomark.com/smartphones/Vivo/X70-Pro-(MediaTek),DXOMARK smartphone ranking,2026-09-27
Honor,Magic3 Pro+,Honor Magic3 Pro+,,,,,,,1212,2021-08-12,,https://www.dxomark.com/smartphones/Honor/Magic3-Pro+,DXOMARK smartphone ranking,2026-09-27
Black Shark,4S Pro,Black Shark 4S Pro,,,,,,,727,2021-10-13,,https://www.dxomark.com/smartphones/Black-Shark/4S-Pro,DXOMARK smartphone ranking,2026-09-27
Oppo,A16s 5G,Oppo A16s 5G,46,53,36,,,,189,2021-08-01,V5,https://www.dxomark.com/smartphones/Oppo/A16s-5G,DXOMARK smartphone ranking,2026-09-27
Fairphone,4,Fairphone 4,69,60,76,,,,579,2021-10-25,V5,https://www.dxomark.com/smartphones/Fairphone/4,DXOMARK smartphone ranking,2026-09-27
Samsung,Galaxy S21 FE 5G (Snapdragon),Samsung Galaxy S21 FE 5G (Snapdragon),117,119,107,127,130,82,699,2022-01-11,V5,https://www.dxomark.com/smartphones/Samsung/Galaxy-S21-FE-5G-(Snapdragon),DXOMARK smartphone ranking,2026-09-27
Samsung,Galaxy S22 (Exynos),Samsung Galaxy S22 (Exynos),120,119,116,,132,75,799,2022-02-09,V5,https://www.dxomark.com/smartphones/Samsung/Galaxy-S22-(Exynos),DXOMARK smartphone ranking,2026-09-27
Samsung,Galaxy S22+ (Exynos),Samsung Galaxy S22+ (Exynos),125,122,124,,134,95,1049,2022-02-09,V5,https://www.dxomark.com/smartphones/Samsung/Galaxy-S22+-(Exynos),DXOMARK smartphone ranking,2026-09-27
Xiaomi,Redmi Note 11,Xiaomi Redmi Note 11,60,52,62,,,119,199,2022-01-26,V5,https://www.dxomark.com/smartphones/Xiaomi/Redmi-Note-11,DXOMARK smartphone ranking,2026-09-27
Xiaomi,12 Pro,Xiaomi 12 Pro,129,136,125,,123,76,999,2022-03-15,V5,https://www.dxomark.com/smartphones/Xiaomi/12-Pro,DXOMARK smartphone ranking,2026-09-27
Xiaomi,12,Xiaomi 12,113,118,121,,119,100,749,2022-03-15,V5,https://www.dxomark.com/smartphones/Xiaomi/12,DXOMARK smartphone ranking,2026-09-27
Samsung,Galaxy S22 Ultra (Exynos),Samsung Galaxy S22 Ultra (Exynos),131,127,131,135,133,98,1299,2022-02-09,V5,https://www.dxomark.com/smartphones/Samsung/Galaxy-S22-Ultra-(Exynos),DXOMARK smartphone ranking,2026-09-27
Crosscall,Action-X5,Crosscall Action-X5,50,51,38,,,,549,2021-11-23,V5,https://www.dxomark.com/smartphones/Crosscall/Action-X5,DXOMARK smartphone ranking,2026-09-27
Black Shark,5 Pro,Black Shark 5 Pro,101,105,104,,100,105,636,2022-03-28,V5,https://www.dxomark.com/smartphones/Black-Shark/5-Pro,DXOMARK smartphone ranking,2026-09-27
Xiaomi,Redmi 10 2022,Xiaomi Redmi 10 2022,51,55,37,,,100,179,2022-02-15,V5,https://www.dxomark.com/smartphones/Xiaomi/Redmi-10-2022,DXOMARK smartphone ranking,2026-09-27
Oppo,Find X5,Oppo Find X5,114,124,95,,130,111,999,2022-02-24,V5,https://www.dxomark.com/smartphones/Oppo/Find-X5,DXOMARK smartphone ranking,2026-09-27
Oppo,Find X5 Pro,Oppo Find X5 Pro,130,130,126,116,137,116,1299,2022-02-24,V5,https://www.dxomark.com/smartphones/Oppo/Find-X5-Pro,DXOMARK smartphone ranking,2026-09-27
Vivo,iQOO 9 Pro,Vivo iQOO 9 Pro,,,,,,,757,2022-02-23,,https://www.dxomark.com/smartphones/Vivo/iQOO-9-Pro,DXOMARK smartphone ranking,2026-09-27
Honor,Magic4 Ultimate,Honor Magic4 Ultimate,147,150,137,122,138,,1211,2022-03-17,V5,https://www.dxomark.com/smartphones/Honor/Magic4-Ultimate,DXOMARK smartphone ranking,2026-09-27
OnePlus,10 Pro,OnePlus 10 Pro,122,124,119,,124,100,899,2022-01-11,V5,https://www.dxomark.com/smartphones/OnePlus/10-Pro,DXOMARK smartphone ranking,2026-09-27
Realme,GT 2 Pro,Realme GT 2 Pro,,,,,130,117,749,2022-01-08,,https://www.dxomark.com/smartphones/Realme/GT-2-Pro,DXOMARK smartphone ranking,2026-09-27
Oppo,Find X5 Lite,Oppo Find X5 Lite,95,100,85,,113,135,499,2022-02-24,V5,https://www.dxomark.com/smartphones/Oppo/Find-X5-Lite,DXOMARK smartphone ranking,2026-09-27
Apple,iPhone SE (2022),Apple iPhone SE (2022),100,126,106,,120,84,429,2022-03-18,V5,https://www.dxomark.com/smartphones/Apple/iPhone-SE-(2022),DXOMARK smartphone ranking,2026-09-27
Motorola,Edge 30 Pro,Motorola Edge 30 Pro,101,107,102,,123,98,799,2022-02-24,V5,https://www.dxomark.com/smartphones/Motorola/Edge-30-Pro,DXOMARK smartphone ranking,2026-09-27
Samsung,Galaxy S22 (Snapdragon),Samsung Galaxy S22 (Snapdragon),,,,,133,90,799,2022-02-09,,https://www.dxomark.com/smartphones/Samsung/Galaxy-S22-(Snapdragon),DXOMARK smartphone ranking,2026-09-27
Samsung,Galaxy S22 Ultra (Snapdragon),Samsung Galaxy S22 Ultra (Snapdragon),135,135,127,,135,103,1199,2022-02-09,V5,https://www.dxomark.com/smartphones/Samsung/Galaxy-S22-Ultra-(Snapdragon),DXOMARK smartphone ranking,2026-09-27
Samsung,Galaxy A53 5G,Samsung Galaxy A53 5G,79,98,45,,108,95,450,2022-03-17,V5,https://www.dxomark.com/smartphones/Samsung/Galaxy-A53-5G,DXOMARK smartphone ranking,2026-09-27
Samsung,Galaxy A33 5G,Samsung Galaxy A33 5G,85,91,80,,,96,379,2022-03-17,V5,https://www.dxomark.com/smartphones/Samsung/Galaxy-A33-5G,DXOMARK smartphone ranking,2026-09-27
Realme,GT Neo 3,Realme GT Neo 3,,,,,,129,394,2022-03-22,,https://www.dxomark.com/smartphones/Realme/GT-Neo-3,DXOMARK smartphone ranking,2026-09-27
Xiaomi,Redmi Note 11 Pro 5G,Xiaomi Redmi Note 11 Pro 5G,78,81,85,,,134,369,2022-03-29,V5,https://www.dxomark.com/smartphones/Xiaomi/Redmi-Note-11-Pro-5G,DXOMARK smartphone ranking,2026-09-27
POCO,F4 GT,POCO F4 GT,,,,,111,100,599,2022-04-28,,https://www.dxomark.com/smartphones/POCO/F4-GT,DXOMARK smartphone ranking,2026-09-27
Honor,Magic4 Pro,Honor Magic4 Pro,126,132,117,,130,95,1099,2022-05-17,V5,https://www.dxomark.com/smartphones/Honor/Magic4-Pro,DXOMARK smartphone ranking,2026-09-27
Nubia,RedMagic 7 Pro,Nubia RedMagic 7 Pro,,,,,,118,799,2022-02-17,,https://www.dxomark.com/smartphones/Nubia/RedMagic-7-Pro,DXOMARK smartphone ranking,2026-09-27
Lenovo,Legion Y90,Lenovo Legion Y90,,,,,,,651,2022-03-01,,https://www.dxomark.com/smartphones/Lenovo/Legion-Y90,DXOMARK smartphone ranking,2026-09-27
Sony,Xperia 10 IV,Sony Xperia 10 IV,63,52,73,,104,138,499,2022-05-31,V5,https://www.dxomark.com/smartphones/Sony/Xperia-10-IV,DXOMARK smartphone ranking,2026-09-27
Honor,Magic4 Lite 5G,Honor Magic4 Lite 5G,61,85,40,,,135,349,2022-04-15,V5,https://www.dxomark.com/smartphones/Honor/Magic4-Lite-5G,DXOMARK smartphone ranking,2026-09-27
Samsung,Galaxy Z Flip3 5G,Samsung Galaxy Z Flip3 5G,111,118,110,,,,999,2021-08-11,V5,https://www.dxomark.com/smartphones/Samsung/Galaxy-Z-Flip3-5G,DXOMARK smartphone ranking,2026-09-27
Vivo,Y76 5G,Vivo Y76 5G,83,108,87,,,133,329,2022-01-24,V5,https://www.dxomark.com/smartphones/Vivo/Y76-5G,DXOMARK smartphone ranking,2026-09-27
Xiaomi,Redmi Note 11S 5G,Xiaomi Redmi Note 11S 5G,65,50,83,,,133,299,2022-04-23,V5,https://www.dxomark.com/smartphones/Xiaomi/Redmi-Note-11S-5G,DXOMARK smartphone ranking,2026-09-27
Xiaomi,Redmi K50 Gaming,Xiaomi Redmi K50 Gaming,,,,,,,499,2022-02-16,,https://www.dxomark.com/smartphones/Xiaomi/Redmi-K50-Gaming,DXOMARK smartphone ranking,2026-09-27
Oppo,Reno8 Lite 5G,Oppo Reno8 Lite 5G,64,55,80,,,139,449,2022-06-04,V5,https://www.dxomark.com/smartphones/Oppo/Reno8-Lite-5G,DXOMARK smartphone ranking,2026-09-27
Samsung,Galaxy A13 5G,Samsung Galaxy A13 5G,,,,,,125,249,2021-12-02,,https://www.dxomark.com/smartphones/Samsung/Galaxy-A13-5G,DXOMARK smartphone ranking,2026-09-27
Google,Pixel 6a,Google Pixel 6a,122,133,126,,125,94,459,2022-07-28,V5,https://www.dxomark.com/smartphones/Google/Pixel-6a,DXOMARK smartphone ranking,2026-09-27
Honor,X7,Honor X7,61,52,69,,,116,219,2022-03-30,V5,https://www.dxomark.com/smartphones/Honor/X7,DXOMARK smartphone ranking,2026-09-27
Oppo,Reno6 Pro 5G (Mediatek),Oppo Reno6 Pro 5G (Mediatek),109,107,121,,,,0,2021-06-01,V5,https://www.dxomark.com/smartphones/Oppo/Reno6-Pro-5G-(Mediatek),DXOMARK smartphone ranking,2026-09-27
Vivo,X80 Pro (Snapdragon),Vivo X80 Pro (Snapdragon),137,139,133,,131,99,1299,2022-04-25,V5,https://www.dxomark.com/smartphones/Vivo/X80-Pro-(Snapdragon),DXOMARK smartphone ranking,2026-09-27
Motorola,Moto G62 5G,Motorola Moto G62 5G,66,60,71,,,112,279,2022-06-09,V5,https://www.dxomark.com/smartphones/Motorola/Moto-G62-5G,DXOMARK smartphone ranking,2026-09-27
OnePlus,Nord 2T 5G,OnePlus Nord 2T 5G,114,119,123,,,112,399,2022-05-19,V5,https://www.dxomark.com/smartphones/OnePlus/Nord-2T-5G,DXOMARK smartphone ranking,2026-09-27
Oppo,Reno8 5G,Oppo Reno8 5G,112,121,112,,124,141,599,2022-07-18,V5,https://www.dxomark.com/smartphones/Oppo/Reno8-5G,DXOMARK smartphone ranking,2026-09-27
Oppo,Reno8 Pro 5G,Oppo Reno8 Pro 5G,114,125,111,,123,115,799,2022-07-18,V5,https://www.dxomark.com/smartphones/Oppo/Reno8-Pro-5G,DXOMARK smartphone ranking,2026-09-27
Oppo,A77 5G,Oppo A77 5G,53,76,38,,,138,329,2022-06-03,V5,https://www.dxomark.com/smartphones/Oppo/A77-5G,DXOMARK smartphone ranking,2026-09-27
Honor,70,Honor 70,115,115,129,,125,126,599,2022-05-30,V5,https://www.dxomark.com/smartphones/Honor/70,DXOMARK smartphone ranking,2026-09-27
Xiaomi,12S Ultra,Xiaomi 12S Ultra,136,137,129,114,125,,908,2022-07-04,V5,https://www.dxomark.com/smartphones/Xiaomi/12S-Ultra,DXOMARK smartphone ranking,2026-09-27
Honor,X8 5G,Honor X8 5G,52,52,68,,,132,279,2022-03-24,V5,https://www.dxomark.com/smartphones/Honor/X8-5G,DXOMARK smartphone ranking,2026-09-27
Sony,Xperia 5 IV,Sony Xperia 5 IV,119,121,113,,131,113,999,2022-07-01,V5,https://www.dxomark.com/smartphones/Sony/Xperia-5-IV,DXOMARK smartphone ranking,2026-09-27
Sony,Xperia 1 IV,Sony Xperia 1 IV,118,118,112,,126,87,1599,2022-06-11,V5,https://www.dxomark.com/smartphones/Sony/Xperia-1-IV,DXOMARK smartphone ranking,2026-09-27
Samsung,Galaxy Z Fold4,Samsung Galaxy Z Fold4,124,131,122,,130,99,1799,2022-08-10,V5,https://www.dxomark.com/smartphones/Samsung/Galaxy-Z-Fold4,DXOMARK smartphone ranking,2026-09-27
Samsung,Galaxy Z Flip4,Samsung Galaxy Z Flip4,112,125,113,,133,95,999,2022-08-10,V5,https://www.dxomark.com/smartphones/Samsung/Galaxy-Z-Flip4,DXOMARK smartphone ranking,2026-09-27
Apple,iPhone 14,Apple iPhone 14,133,135,146,144,138,112,799,2022-09-07,V5,https://www.dxomark.com/smartphones/Apple/iPhone-14,DXOMARK smartphone ranking,2026-09-27
Apple,iPhone 14 Pro Max,Apple iPhone 14 Pro Max,146,143,149,145,146,133,1099,2022-09-07,V5,https://www.dxomark.com/smartphones/Apple/iPhone-14-Pro-Max,DXOMARK smartphone ranking,2026-09-27
Vivo,X80 Lite 5G,Vivo X80 Lite 5G,93,100,77,,99,136,410,2022-09-22,V5,https://www.dxomark.com/smartphones/Vivo/X80-Lite-5G,DXOMARK smartphone ranking,2026-09-27
Apple,iPhone 14 Pro,Apple iPhone 14 Pro,146,143,149,145,146,119,999,2022-09-06,V5,https://www.dxomark.com/smartphones/Apple/iPhone-14-Pro,DXOMARK smartphone ranking,2026-09-27
Vivo,X80 Pro (MediaTek),Vivo X80 Pro (MediaTek),135,137,129,,133,,909,2022-04-25,V5,https://www.dxomark.com/smartphones/Vivo/X80-Pro-(MediaTek),DXOMARK smartphone ranking,2026-09-27
Google,Pixel 7 Pro,Google Pixel 7 Pro,147,148,143,142,148,102,899,2022-10-06,V5,https://www.dxomark.com/smartphones/Google/Pixel-7-Pro,DXOMARK smartphone ranking,2026-09-27
Nothing,Phone(1),Nothing Phone(1),114,121,112,,122,119,469,2022-07-12,V5,https://www.dxomark.com/smartphones/Nothing/Phone(1),DXOMARK smartphone ranking,2026-09-27
Google,Pixel 7,Google Pixel 7,140,145,143,138,136,98,599,2022-10-06,V5,https://www.dxomark.com/smartphones/Google/Pixel-7,DXOMARK smartphone ranking,2026-09-27
Xiaomi,12T,Xiaomi 12T,115,120,127,,130,118,599,2022-10-04,V5,https://www.dxomark.com/smartphones/Xiaomi/12T,DXOMARK smartphone ranking,2026-09-27
Xiaomi,12T Pro,Xiaomi 12T Pro,129,130,134,,127,123,799,2022-10-04,V5,https://www.dxomark.com/smartphones/Xiaomi/12T-Pro,DXOMARK smartphone ranking,2026-09-27
Asus,ROG Phone 6,Asus ROG Phone 6,,,,,127,140,999,2022-07-05,,https://www.dxomark.com/smartphones/Asus/ROG-Phone-6,DXOMARK smartphone ranking,2026-09-27
Realme,9i 5G,Realme 9i 5G,75,95,61,,,,219,2022-08-18,V5,https://www.dxomark.com/smartphones/Realme/9i-5G,DXOMARK smartphone ranking,2026-09-27
Apple,iPhone 14 Plus,Apple iPhone 14 Plus,133,135,146,144,138,128,899,2022-10-07,V5,https://www.dxomark.com/smartphones/Apple/iPhone-14-Plus,DXOMARK smartphone ranking,2026-09-27
Samsung,Galaxy A23 5G,Samsung Galaxy A23 5G,70,64,85,,,129,299,2022-08-05,V5,https://www.dxomark.com/smartphones/Samsung/Galaxy-A23-5G,DXOMARK smartphone ranking,2026-09-27
Huawei,Mate 50 Pro,Huawei Mate 50 Pro,149,152,141,145,133,103,1299,2022-09-06,V5,https://www.dxomark.com/smartphones/Huawei/Mate-50-Pro,DXOMARK smartphone ranking,2026-09-27
OnePlus,10T 5G,OnePlus 10T 5G,,,,,,126,729,2022-08-06,,https://www.dxomark.com/smartphones/OnePlus/10T-5G,DXOMARK smartphone ranking,2026-09-27
Oppo,A57,Oppo A57,46,53,35,,,,199,2022-10-20,V5,https://www.dxomark.com/smartphones/Oppo/A57,DXOMARK smartphone ranking,2026-09-27
Vivo,X Fold,Vivo X Fold,,,,,137,,1363,2022-04-11,,https://www.dxomark.com/smartphones/Vivo/X-Fold,DXOMARK smartphone ranking,2026-09-27
Crosscall,Core-Z5,Crosscall Core-Z5,47,52,37,,,,799,2022-10-19,V5,https://www.dxomark.com/smartphones/Crosscall/Core-Z5,DXOMARK smartphone ranking,2026-09-27
Xiaomi,12 Lite 5G,Xiaomi 12 Lite 5G,109,111,121,,,118,449,2022-07-11,V5,https://www.dxomark.com/smartphones/Xiaomi/12-Lite-5G,DXOMARK smartphone ranking,2026-09-27
Honor,X7a,Honor X7a,,,,,,147,210,2023-01-04,,https://www.dxomark.com/smartphones/Honor/X7a,DXOMARK smartphone ranking,2026-09-27
Honor,X9a,Honor X9a,,,,,,143,317,2023-01-04,,https://www.dxomark.com/smartphones/Honor/X9a,DXOMARK smartphone ranking,2026-09-27
Honor,Magic5 Lite 5G,Honor Magic5 Lite 5G,74,70,77,,,152,379,2023-02-15,V5,https://www.dxomark.com/smartphones/Honor/Magic5-Lite-5G,DXOMARK smartphone ranking,2026-09-27
Motorola,Moto G53 5G,Motorola Moto G53 5G,68,76,85,,,,249,,V5,https://www.dxomark.com/smartphones/Motorola/Moto-G53-5G,DXOMARK smartphone ranking,2026-09-27
Vivo,X90 Pro+,Vivo X90 Pro+,140,142,129,125,135,,985,2022-12-06,V5,https://www.dxomark.com/smartphones/Vivo/X90-Pro+,DXOMARK smartphone ranking,2026-09-27
Vivo,X90 Pro,Vivo X90 Pro,136,133,133,,132,,757,2022-12-06,V5,https://www.dxomark.com/smartphones/Vivo/X90-Pro,DXOMARK smartphone ranking,2026-09-27
OnePlus,11,OnePlus 11,127,134,121,,124,125,699,2023-01-28,V5,https://www.dxomark.com/smartphones/OnePlus/11,DXOMARK smartphone ranking,2026-09-27
Xiaomi,13 Pro,Xiaomi 13 Pro,136,136,129,,131,126,1299,2022-12-11,V5,https://www.dxomark.com/smartphones/Xiaomi/13-Pro,DXOMARK smartphone ranking,2026-09-27
Xiaomi,13,Xiaomi 13,130,131,121,,132,128,999,2022-12-11,V5,https://www.dxomark.com/smartphones/Xiaomi/13,DXOMARK smartphone ranking,2026-09-27
Samsung,Galaxy S23+,Samsung Galaxy S23+,133,129,137,,147,134,1049,2023-02-01,V5,https://www.dxomark.com/smartphones/Samsung/Galaxy-S23+,DXOMARK smartphone ranking,2026-09-27
Xiaomi,Mix Fold 2,Xiaomi Mix Fold 2,,,,,,,1363,2022-08-11,,https://www.dxomark.com/smartphones/Xiaomi/Mix-Fold-2,DXOMARK smartphone ranking,2026-09-27
Samsung,Galaxy S23 Ultra,Samsung Galaxy S23 Ultra,140,139,137,141,148,142,1199,2023-02-01,V5,https://www.dxomark.com/smartphones/Samsung/Galaxy-S23-Ultra,DXOMARK smartphone ranking,2026-09-27
Samsung,Galaxy A54 5G,Samsung Galaxy A54 5G,107,106,115,,129,113,499,2023-03-15,V5,https://www.dxomark.com/smartphones/Samsung/Galaxy-A54-5G,DXOMARK smartphone ranking,2026-09-27
Oppo,Find N2 Flip,Oppo Find N2 Flip,114,121,119,,142,108,1099,2022-12-23,V5,https://www.dxomark.com/smartphones/Oppo/Find-N2-Flip,DXOMARK smartphone ranking,2026-09-27
Samsung,Galaxy S23,Samsung Galaxy S23,133,129,137,,149,109,799,2023-02-01,V5,https://www.dxomark.com/smartphones/Samsung/Galaxy-S23,DXOMARK smartphone ranking,2026-09-27
Honor,Magic5 Pro,Honor Magic5 Pro,152,154,144,123,151,141,1199,2023-02-27,V5,https://www.dxomark.com/smartphones/Honor/Magic5-Pro,DXOMARK smartphone ranking,2026-09-27
Oppo,A78 5G,Oppo A78 5G,69,75,79,,,132,295,2023-01-07,V5,https://www.dxomark.com/smartphones/Oppo/A78-5G,DXOMARK smartphone ranking,2026-09-27
Oppo,Find N2,Oppo Find N2,,,,,128,,1212,2022-12-15,,https://www.dxomark.com/smartphones/Oppo/Find-N2,DXOMARK smartphone ranking,2026-09-27
Nubia,RedMagic 8 Pro,Nubia RedMagic 8 Pro,,,,,,138,649,2023-02-02,,https://www.dxomark.com/smartphones/Nubia/RedMagic-8-Pro,DXOMARK smartphone ranking,2026-09-27
Samsung,Galaxy A34 5G,Samsung Galaxy A34 5G,92,99,78,,,129,399,2023-03-15,V5,https://www.dxomark.com/smartphones/Samsung/Galaxy-A34-5G,DXOMARK smartphone ranking,2026-09-27
Samsung,Galaxy A14 5G,Samsung Galaxy A14 5G,67,77,62,,,117,199,2023-01-12,V5,https://www.dxomark.com/smartphones/Samsung/Galaxy-A14-5G,DXOMARK smartphone ranking,2026-09-27
Honor,70 Lite,Honor 70 Lite,58,54,79,,,,199,2023-03-31,V5,https://www.dxomark.com/smartphones/Honor/70-Lite,DXOMARK smartphone ranking,2026-09-27
Xiaomi,Redmi Note 12 5G,Xiaomi Redmi Note 12 5G,69,74,49,,,132,299,2023-03-23,V5,https://www.dxomark.com/smartphones/Xiaomi/Redmi-Note-12-5G,DXOMARK smartphone ranking,2026-09-27
Xiaomi,Redmi Note 12 Pro+ 5G,Xiaomi Redmi Note 12 Pro+ 5G,113,117,117,,,129,499,2023-03-23,V5,https://www.dxomark.com/smartphones/Xiaomi/Redmi-Note-12-Pro+-5G,DXOMARK smartphone ranking,2026-09-27
Motorola,Edge 40 Pro,Motorola Edge 40 Pro,130,133,135,,122,,899,2023-04-04,V5,https://www.dxomark.com/smartphones/Motorola/Edge-40-Pro,DXOMARK smartphone ranking,2026-09-27
Google,Pixel 7a,Google Pixel 7a,133,138,133,140,135,96,499,2023-06-01,V5,https://www.dxomark.com/smartphones/Google/Pixel-7a,DXOMARK smartphone ranking,2026-09-27
Oppo,Find X6 Pro,Oppo Find X6 Pro,153,153,148,,138,151,908,2023-03-21,V5,https://www.dxomark.com/smartphones/Oppo/Find-X6-Pro,DXOMARK smartphone ranking,2026-09-27
Xiaomi,Redmi Note 12 Pro 5G,Xiaomi Redmi Note 12 Pro 5G,102,108,98,,,136,399,2023-03-23,V5,https://www.dxomark.com/smartphones/Xiaomi/Redmi-Note-12-Pro-5G,DXOMARK smartphone ranking,2026-09-27
Oppo,Find X6,Oppo Find X6,150,152,143,,126,,681,2023-03-21,V5,https://www.dxomark.com/smartphones/Oppo/Find-X6,DXOMARK smartphone ranking,2026-09-27
Xiaomi,Redmi 12C,Xiaomi Redmi 12C,45,50,43,,,,169,2023-02-08,V5,https://www.dxomark.com/smartphones/Xiaomi/Redmi-12C,DXOMARK smartphone ranking,2026-09-27
Xiaomi,Redmi Note 12,Xiaomi Redmi Note 12,63,54,66,,,,199,2023-03-23,V5,https://www.dxomark.com/smartphones/Xiaomi/Redmi-Note-12,DXOMARK smartphone ranking,2026-09-27
Google,Pixel Fold,Google Pixel Fold,133,137,131,,145,88,1799,2023-06-27,V5,https://www.dxomark.com/smartphones/Google/Pixel-Fold,DXOMARK smartphone ranking,2026-09-27
Motorola,Moto G23,Motorola Moto G23,54,53,43,,,,229,2023-01-24,V5,https://www.dxomark.com/smartphones/Motorola/Moto-G23,DXOMARK smartphone ranking,2026-09-27
TCL,406,TCL 406,52,55,52,,,87,139,2023-02-26,V5,https://www.dxomark.com/smartphones/TCL/406,DXOMARK smartphone ranking,2026-09-27
TCL,40R 5G,TCL 40R 5G,76,92,68,,,123,219,2023-03-01,V5,https://www.dxomark.com/smartphones/TCL/40R-5G,DXOMARK smartphone ranking,2026-09-27
Huawei,P60 Pro,Huawei P60 Pro,156,159,147,,143,138,1058,2023-03-23,V5,https://www.dxomark.com/smartphones/Huawei/P60-Pro,DXOMARK smartphone ranking,2026-09-27
Honor,Magic Vs,Honor Magic Vs,119,114,124,,136,108,1599,2023-05-24,V5,https://www.dxomark.com/smartphones/Honor/Magic-Vs,DXOMARK smartphone ranking,2026-09-27
Sony,Xperia 10 V,Sony Xperia 10 V,78,75,84,,105,140,449,2023-06-21,V5,https://www.dxomark.com/smartphones/Sony/Xperia-10-V,DXOMARK smartphone ranking,2026-09-27
Xiaomi,13 Ultra,Xiaomi 13 Ultra,140,138,137,128,130,133,908,2023-04-18,V5,https://www.dxomark.com/smartphones/Xiaomi/13-Ultra,DXOMARK smartphone ranking,2026-09-27
Asus,ROG Phone 7,Asus ROG Phone 7,108,126,106,,132,135,999,2023-05-15,V5,https://www.dxomark.com/smartphones/Asus/ROG-Phone-7,DXOMARK smartphone ranking,2026-09-27
Honor,90,Honor 90,122,128,126,,140,116,599,2023-06-07,V5,https://www.dxomark.com/smartphones/Honor/90,DXOMARK smartphone ranking,2026-09-27
Honor,90 Lite,Honor 90 Lite,73,89,53,,,127,218,2023-06-23,V5,https://www.dxomark.com/smartphones/Honor/90-Lite,DXOMARK smartphone ranking,2026-09-27
Realme,GT Neo 5 (240W),Realme GT Neo 5 (240W),,,,,,147,445,2023-06-13,,https://www.dxomark.com/smartphones/Realme/GT-Neo-5-(240W),DXOMARK smartphone ranking,2026-09-27
POCO,F5 Pro,POCO F5 Pro,,,,,,131,450,2023-07-11,,https://www.dxomark.com/smartphones/POCO/F5-Pro,DXOMARK smartphone ranking,2026-09-27
Samsung,Galaxy Z Flip5,Samsung Galaxy Z Flip5,127,132,128,,144,109,999,2023-08-11,V5,https://www.dxomark.com/smartphones/Samsung/Galaxy-Z-Flip5,DXOMARK smartphone ranking,2026-09-27
Samsung,Galaxy Z Fold5,Samsung Galaxy Z Fold5,128,127,123,,142,114,1799,2023-08-11,V5,https://www.dxomark.com/smartphones/Samsung/Galaxy-Z-Fold5,DXOMARK smartphone ranking,2026-09-27
Nothing,Phone (2),Nothing Phone (2),,,,,134,124,599,2023-07-11,,https://www.dxomark.com/smartphones/Nothing/Phone-(2),DXOMARK smartphone ranking,2026-09-27
Fairphone,5,Fairphone 5,108,115,104,,119,83,699,2023-08-31,V5,https://www.dxomark.com/smartphones/Fairphone/5,DXOMARK smartphone ranking,2026-09-27
Asus,Zenfone 10,Asus Zenfone 10,,,,,126,,649,2023-06-29,,https://www.dxomark.com/smartphones/Asus/Zenfone-10,DXOMARK smartphone ranking,2026-09-27
Motorola,Razr 40 Ultra,Motorola Razr 40 Ultra,,,,,113,,999,2023-06-23,,https://www.dxomark.com/smartphones/Motorola/Razr-40-Ultra,DXOMARK smartphone ranking,2026-09-27
Xiaomi,Redmi 12 5G,Xiaomi Redmi 12 5G,63,57,76,,,95,219,2023-08-01,V5,https://www.dxomark.com/smartphones/Xiaomi/Redmi-12-5G,DXOMARK smartphone ranking,2026-09-27
Sony,Xperia 5 V,Sony Xperia 5 V,118,124,118,,127,,999,2023-09-29,V5,https://www.dxomark.com/smartphones/Sony/Xperia-5-V,DXOMARK smartphone ranking,2026-09-27
Xiaomi,13T,Xiaomi 13T,123,121,132,,129,114,649,2023-09-26,V5,https://www.dxomark.com/smartphones/Xiaomi/13T,DXOMARK smartphone ranking,2026-09-27
Xiaomi,13T Pro,Xiaomi 13T Pro,131,135,134,,129,120,799,2023-09-26,V5,https://www.dxomark.com/smartphones/Xiaomi/13T-Pro,DXOMARK smartphone ranking,2026-09-27
Nokia,G42 5G,Nokia G42 5G,,,,,,113,199,2023-06-26,,https://www.dxomark.com/smartphones/Nokia/G42-5G,DXOMARK smartphone ranking,2026-09-27
Apple,iPhone 15 Pro Max,Apple iPhone 15 Pro Max,154,153,158,149,151,134,1199,2023-09-22,V5,https://www.dxomark.com/smartphones/Apple/iPhone-15-Pro-Max,DXOMARK smartphone ranking,2026-09-27
Apple,iPhone 15 Pro,Apple iPhone 15 Pro,154,153,158,149,151,114,999,2023-09-22,V5,https://www.dxomark.com/smartphones/Apple/iPhone-15-Pro,DXOMARK smartphone ranking,2026-09-27
Apple,iPhone 15,Apple iPhone 15,145,147,153,,140,113,799,2023-09-22,V5,https://www.dxomark.com/smartphones/Apple/iPhone-15,DXOMARK smartphone ranking,2026-09-27
Apple,iPhone 15 Plus,Apple iPhone 15 Plus,145,147,153,,140,131,899,2023-09-22,V5,https://www.dxomark.com/smartphones/Apple/iPhone-15-Plus,DXOMARK smartphone ranking,2026-09-27
Google,Pixel 8,Google Pixel 8,148,152,148,,153,103,699,2023-10-11,V5,https://www.dxomark.com/smartphones/Google/Pixel-8,DXOMARK smartphone ranking,2026-09-27
Google,Pixel 8 Pro,Google Pixel 8 Pro,153,155,149,145,154,111,999,2023-10-12,V5,https://www.dxomark.com/smartphones/Google/Pixel-8-Pro,DXOMARK smartphone ranking,2026-09-27
Motorola,Edge 40 Neo,Motorola Edge 40 Neo,103,102,116,,,,399,2023-09-01,V5,https://www.dxomark.com/smartphones/Motorola/Edge-40-Neo,DXOMARK smartphone ranking,2026-09-27
Honor,X9b,Honor X9b,,,,,,156,353,2023-10-26,,https://www.dxomark.com/smartphones/Honor/X9b,DXOMARK smartphone ranking,2026-09-27
Xiaomi,Mix Fold 3,Xiaomi Mix Fold 3,,,,,132,,1250,2023-08-14,,https://www.dxomark.com/smartphones/Xiaomi/Mix-Fold-3,DXOMARK smartphone ranking,2026-09-27
Huawei,Mate 60 Pro+,Huawei Mate 60 Pro+,157,160,148,,148,,1363,2023-09-27,V5,https://www.dxomark.com/smartphones/Huawei/Mate-60-Pro+,DXOMARK smartphone ranking,2026-09-27
OnePlus,Open,OnePlus Open,,,,,137,,1699,2023-10-26,,https://www.dxomark.com/smartphones/OnePlus/Open,DXOMARK smartphone ranking,2026-09-27
Samsung,Galaxy S23 FE,Samsung Galaxy S23 FE,127,124,131,,140,101,599,2023-10-26,V5,https://www.dxomark.com/smartphones/Samsung/Galaxy-S23-FE,DXOMARK smartphone ranking,2026-09-27
Samsung,Galaxy A05s,Samsung Galaxy A05s,45,52,39,,,,180,2023-10-16,V5,https://www.dxomark.com/smartphones/Samsung/Galaxy-A05s,DXOMARK smartphone ranking,2026-09-27
Samsung,Galaxy A25 5G,Samsung Galaxy A25 5G,92,98,94,,,,319,2023-12-16,V5,https://www.dxomark.com/smartphones/Samsung/Galaxy-A25-5G,DXOMARK smartphone ranking,2026-09-27
Honor,X7b,Honor X7b,,,,,,151,199,2023-12-04,,https://www.dxomark.com/smartphones/Honor/X7b,DXOMARK smartphone ranking,2026-09-27
Honor,Magic6 Lite (5300 mAh),Honor Magic6 Lite (5300 mAh),84,78,101,,,150,399,2024-01-02,V5,https://www.dxomark.com/smartphones/Honor/Magic6-Lite-(5300-mAh),DXOMARK smartphone ranking,2026-09-27
Xiaomi,Redmi Note 13 Pro Plus 5G,Xiaomi Redmi Note 13 Pro Plus 5G,121,123,117,,135,111,470,2023-12-01,V5,https://www.dxomark.com/smartphones/Xiaomi/Redmi-Note-13-Pro-Plus-5G,DXOMARK smartphone ranking,2026-09-27
Xiaomi,Redmi 13C,Xiaomi Redmi 13C,63,58,82,,,,109,2023-12-01,V5,https://www.dxomark.com/smartphones/Xiaomi/Redmi-13C,DXOMARK smartphone ranking,2026-09-27
Vivo,X100 Pro,Vivo X100 Pro,150,149,145,,153,,757,2023-11-21,V5,https://www.dxomark.com/smartphones/Vivo/X100-Pro,DXOMARK smartphone ranking,2026-09-27
Xiaomi,14,Xiaomi 14,138,137,138,,137,133,999,2024-02-26,V5,https://www.dxomark.com/smartphones/Xiaomi/14,DXOMARK smartphone ranking,2026-09-27
Xiaomi,Redmi Note 13 Pro 5G,Xiaomi Redmi Note 13 Pro 5G,120,121,118,,,120,349,2023-12-01,V5,https://www.dxomark.com/smartphones/Xiaomi/Redmi-Note-13-Pro-5G,DXOMARK smartphone ranking,2026-09-27
Samsung,Galaxy S24 Ultra,Samsung Galaxy S24 Ultra,144,144,137,,155,130,1299,2024-01-31,V5,https://www.dxomark.com/smartphones/Samsung/Galaxy-S24-Ultra,DXOMARK smartphone ranking,2026-09-27
Huawei,Mate 60 Pro,Huawei Mate 60 Pro,,,,,148,,1200,2023-08-30,,https://www.dxomark.com/smartphones/Huawei/Mate-60-Pro,DXOMARK smartphone ranking,2026-09-27
Xiaomi,Redmi Note 13,Xiaomi Redmi Note 13,75,75,68,,,117,199,2023-12-01,V5,https://www.dxomark.com/smartphones/Xiaomi/Redmi-Note-13,DXOMARK smartphone ranking,2026-09-27
Honor,Magic6 Lite (5800 mAh),Honor Magic6 Lite (5800 mAh),,,,,,156,399,2024-03-07,,https://www.dxomark.com/smartphones/Honor/Magic6-Lite-(5800-mAh),DXOMARK smartphone ranking,2026-09-27
Samsung,Galaxy S24 (Exynos),Samsung Galaxy S24 (Exynos),133,134,125,,154,107,799,2024-01-17,V5,https://www.dxomark.com/smartphones/Samsung/Galaxy-S24-(Exynos),DXOMARK smartphone ranking,2026-09-27
Samsung,Galaxy S24+ (Exynos),Samsung Galaxy S24+ (Exynos),133,134,125,,154,109,999,2024-01-17,V5,https://www.dxomark.com/smartphones/Samsung/Galaxy-S24+-(Exynos),DXOMARK smartphone ranking,2026-09-27
Xiaomi,Redmi Note 13 5G,Xiaomi Redmi Note 13 5G,91,89,87,,,94,299,2023-12-14,V5,https://www.dxomark.com/smartphones/Xiaomi/Redmi-Note-13-5G,DXOMARK smartphone ranking,2026-09-27
Samsung,Galaxy A15 5G,Samsung Galaxy A15 5G,83,79,97,,,127,199,2024-01-01,V5,https://www.dxomark.com/smartphones/Samsung/Galaxy-A15-5G,DXOMARK smartphone ranking,2026-09-27
Honor,Magic6 Pro,Honor Magic6 Pro,158,160,150,151,157,157,1299,2024-02-25,V5,https://www.dxomark.com/smartphones/Honor/Magic6-Pro,DXOMARK smartphone ranking,2026-09-27
Honor,Magic V2,Honor Magic V2,117,109,120,,151,,1999,2024-01-26,V5,https://www.dxomark.com/smartphones/Honor/Magic-V2,DXOMARK smartphone ranking,2026-09-27
Samsung,Galaxy A15 LTE,Samsung Galaxy A15 LTE,81,73,101,,,137,199,2024-01-01,V5,https://www.dxomark.com/smartphones/Samsung/Galaxy-A15-LTE,DXOMARK smartphone ranking,2026-09-27
Xiaomi,14 Ultra,Xiaomi 14 Ultra,149,144,150,,140,123,1499,2024-02-26,V5,https://www.dxomark.com/smartphones/Xiaomi/14-Ultra,DXOMARK smartphone ranking,2026-09-27
Crosscall,Stellar-X5,Crosscall Stellar-X5,113,115,124,,109,115,899,2023-10-06,V5,https://www.dxomark.com/smartphones/Crosscall/Stellar-X5,DXOMARK smartphone ranking,2026-09-27
Samsung,Galaxy A55 5G,Samsung Galaxy A55 5G,108,110,117,,147,121,499,2024-03-11,V5,https://www.dxomark.com/smartphones/Samsung/Galaxy-A55-5G,DXOMARK smartphone ranking,2026-09-27
Oppo,Find X7 Ultra,Oppo Find X7 Ultra,157,156,156,,144,160,1060,2024-03-12,V5,https://www.dxomark.com/smartphones/Oppo/Find-X7-Ultra,DXOMARK smartphone ranking,2026-09-27
Samsung,Galaxy A35 5G,Samsung Galaxy A35 5G,104,107,110,,143,101,399,2024-03-11,V5,https://www.dxomark.com/smartphones/Samsung/Galaxy-A35-5G,DXOMARK smartphone ranking,2026-09-27
Motorola,moto g34 5G,Motorola moto g34 5G,67,57,97,,,102,179,2024-01-17,V5,https://www.dxomark.com/smartphones/Motorola/moto-g34-5G,DXOMARK smartphone ranking,2026-09-27
Google,Pixel 8a,Google Pixel 8a,136,141,128,,145,,499,2024-03-20,V5,https://www.dxomark.com/smartphones/Google/Pixel-8a,DXOMARK smartphone ranking,2026-09-27
Honor,90 Smart,Honor 90 Smart,79,86,85,,,,249,2024-04-03,V5,https://www.dxomark.com/smartphones/Honor/90-Smart,DXOMARK smartphone ranking,2026-09-27
Motorola,moto g54 5G,Motorola moto g54 5G,85,92,93,,,90,229,2024-02-19,V5,https://www.dxomark.com/smartphones/Motorola/moto-g54-5G,DXOMARK smartphone ranking,2026-09-27
Huawei,Pura 70 Ultra,Huawei Pura 70 Ultra,163,167,155,,,,1499,2024-04-29,V6,https://www.dxomark.com/smartphones/Huawei/Pura-70-Ultra,DXOMARK smartphone ranking,2026-09-27
Xiaomi,Redmi 13C 5G,Xiaomi Redmi 13C 5G,60,56,90,,,,169,2023-12-01,V5,https://www.dxomark.com/smartphones/Xiaomi/Redmi-13C-5G,DXOMARK smartphone ranking,2026-09-27
Honor,200 Pro,Honor 200 Pro,137,138,134,,151,145,530,2024-05-27,V5,https://www.dxomark.com/smartphones/Honor/200-Pro,DXOMARK smartphone ranking,2026-09-27
Honor,200 Lite,Honor 200 Lite,86,83,93,,,,329,2024-05-03,V5,https://www.dxomark.com/smartphones/Honor/200-Lite,DXOMARK smartphone ranking,2026-09-27
Oppo,Reno12 Pro,Oppo Reno12 Pro,,,,,,147,549,2024-06-18,,https://www.dxomark.com/smartphones/Oppo/Reno12-Pro,DXOMARK smartphone ranking,2026-09-27
Oppo,Reno12,Oppo Reno12,,,,,,144,449,2024-06-18,,https://www.dxomark.com/smartphones/Oppo/Reno12,DXOMARK smartphone ranking,2026-09-27
Asus,Zenfone 11 Ultra,Asus Zenfone 11 Ultra,125,131,115,,143,,899,2024-03-14,V5,https://www.dxomark.com/smartphones/Asus/Zenfone-11-Ultra,DXOMARK smartphone ranking,2026-09-27
Vivo,X Fold3 Pro,Vivo X Fold3 Pro,,,,,145,,1515,2024-04-23,,https://www.dxomark.com/smartphones/Vivo/X-Fold3-Pro,DXOMARK smartphone ranking,2026-09-27
Honor,200,Honor 200,130,133,121,,147,145,408,2024-06-12,V5,https://www.dxomark.com/smartphones/Honor/200,DXOMARK smartphone ranking,2026-09-27
Samsung,Galaxy Z Fold6,Samsung Galaxy Z Fold6,130,138,115,,154,,1999,2024-07-24,V6,https://www.dxomark.com/smartphones/Samsung/Galaxy-Z-Fold6,DXOMARK smartphone ranking,2026-09-27
Samsung,Galaxy Z Flip6,Samsung Galaxy Z Flip6,129,135,117,,150,,1199,2024-07-24,V6,https://www.dxomark.com/smartphones/Samsung/Galaxy-Z-Flip6,DXOMARK smartphone ranking,2026-09-27
Motorola,Razr 50,Motorola Razr 50,92,97,100,,124,,899,2024-06-25,V5,https://www.dxomark.com/smartphones/Motorola/Razr-50,DXOMARK smartphone ranking,2026-09-27
Motorola,Edge 50 Ultra,Motorola Edge 50 Ultra,146,150,134,,,,999,2024-05-15,V5,https://www.dxomark.com/smartphones/Motorola/Edge-50-Ultra,DXOMARK smartphone ranking,2026-09-27
Xiaomi,Redmi A3,Xiaomi Redmi A3,45,53,37,,,,132,2024-02-01,V5,https://www.dxomark.com/smartphones/Xiaomi/Redmi-A3,DXOMARK smartphone ranking,2026-09-27
Google,Pixel 9,Google Pixel 9,143,152,126,,156,,799,2024-08-22,V6,https://www.dxomark.com/smartphones/Google/Pixel-9,DXOMARK smartphone ranking,2026-09-27
Google,Pixel 9 Pro XL,Google Pixel 9 Pro XL,160,163,155,148,158,,1099,2024-08-22,V6,https://www.dxomark.com/smartphones/Google/Pixel-9-Pro-XL,DXOMARK smartphone ranking,2026-09-27
Google,Pixel 9 Pro Fold,Google Pixel 9 Pro Fold,129,148,98,,152,,1799,2024-08-31,V6,https://www.dxomark.com/smartphones/Google/Pixel-9-Pro-Fold,DXOMARK smartphone ranking,2026-09-27
Honor,Magic V3,Honor Magic V3,137,137,135,,149,,1699,2024-07-19,V5,https://www.dxomark.com/smartphones/Honor/Magic-V3,DXOMARK smartphone ranking,2026-09-27
Motorola,Moto g85 5G,Motorola Moto g85 5G,88,83,109,,,,349,2024-06-25,V5,https://www.dxomark.com/smartphones/Motorola/Moto-g85-5G,DXOMARK smartphone ranking,2026-09-27
Huawei,Pocket 2,Huawei Pocket 2,,,,,148,,960,2024-02-22,,https://www.dxomark.com/smartphones/Huawei/Pocket-2,DXOMARK smartphone ranking,2026-09-27
Motorola,Edge 50 Neo,Motorola Edge 50 Neo,115,118,107,,136,,449,2024-09-01,V5,https://www.dxomark.com/smartphones/Motorola/Edge-50-Neo,DXOMARK smartphone ranking,2026-09-27
Xiaomi,14T Pro,Xiaomi 14T Pro,135,129,138,,143,128,799,2024-09-26,V5,https://www.dxomark.com/smartphones/Xiaomi/14T-Pro,DXOMARK smartphone ranking,2026-09-27
Xiaomi,14T,Xiaomi 14T,134,130,133,,142,116,649,2024-09-26,V5,https://www.dxomark.com/smartphones/Xiaomi/14T,DXOMARK smartphone ranking,2026-09-27
Apple,iPhone 16 Pro Max,Apple iPhone 16 Pro Max,161,158,167,151,150,,1199,2024-09-20,V6,https://www.dxomark.com/smartphones/Apple/iPhone-16-Pro-Max,DXOMARK smartphone ranking,2026-09-27
Honor,200 Smart,Honor 200 Smart,55,53,78,,,,219,2024-09-13,V5,https://www.dxomark.com/smartphones/Honor/200-Smart,DXOMARK smartphone ranking,2026-09-27
Samsung,Galaxy S24 FE,Samsung Galaxy S24 FE,133,136,125,,145,,650,2024-09-26,V5,https://www.dxomark.com/smartphones/Samsung/Galaxy-S24-FE,DXOMARK smartphone ranking,2026-09-27
Xiaomi,Redmi 14C,Xiaomi Redmi 14C,63,58,86,,,,130,2024-08-30,V5,https://www.dxomark.com/smartphones/Xiaomi/Redmi-14C,DXOMARK smartphone ranking,2026-09-27
Apple,iPhone 16 Pro,Apple iPhone 16 Pro,157,157,159,,150,,999,2024-09-20,V5,https://www.dxomark.com/smartphones/Apple/iPhone-16-Pro,DXOMARK smartphone ranking,2026-09-27
Apple,iPhone 16,Apple iPhone 16,147,149,154,,142,,799,2024-09-20,V5,https://www.dxomark.com/smartphones/Apple/iPhone-16,DXOMARK smartphone ranking,2026-09-27
Samsung,Galaxy A16 5G,Samsung Galaxy A16 5G,77,72,93,,,,249,2024-10-14,V5,https://www.dxomark.com/smartphones/Samsung/Galaxy-A16-5G,DXOMARK smartphone ranking,2026-09-27
Google,Pixel 9 Pro,Google Pixel 9 Pro,,,,,158,,999,2024-08-22,,https://www.dxomark.com/smartphones/Google/Pixel-9-Pro,DXOMARK smartphone ranking,2026-09-27
Samsung,Galaxy A16 LTE,Samsung Galaxy A16 LTE,85,82,105,,,,169,2024-10-28,V5,https://www.dxomark.com/smartphones/Samsung/Galaxy-A16-LTE,DXOMARK smartphone ranking,2026-09-27
Motorola,Moto g75 5G,Motorola Moto g75 5G,96,86,126,,,,299,2024-10-01,V5,https://www.dxomark.com/smartphones/Motorola/Moto-g75-5G,DXOMARK smartphone ranking,2026-09-27
OnePlus,13,OnePlus 13,,,,,143,,899,2024-10-31,,https://www.dxomark.com/smartphones/OnePlus/13,DXOMARK smartphone ranking,2026-09-27
Honor,X9c,Honor X9c,,,,,,164,320,2024-11-15,,https://www.dxomark.com/smartphones/Honor/X9c,DXOMARK smartphone ranking,2026-09-27
Oppo,Find X8 Pro,Oppo Find X8 Pro,157,160,151,,152,155,1199,2024-10-30,V5,https://www.dxomark.com/smartphones/Oppo/Find-X8-Pro,DXOMARK smartphone ranking,2026-09-27
Oppo,Find X8,Oppo Find X8,,,,,,156,650,2024-10-30,,https://www.dxomark.com/smartphones/Oppo/Find-X8,DXOMARK smartphone ranking,2026-09-27
Xiaomi,Redmi Note 14 Pro 5G,Xiaomi Redmi Note 14 Pro 5G,106,103,117,,,,399,2025-01-10,V5,https://www.dxomark.com/smartphones/Xiaomi/Redmi-Note-14-Pro-5G,DXOMARK smartphone ranking,2026-09-27
Xiaomi,Redmi Note 14 5G,Xiaomi Redmi Note 14 5G,103,105,99,,,,299,2025-01-10,V5,https://www.dxomark.com/smartphones/Xiaomi/Redmi-Note-14-5G,DXOMARK smartphone ranking,2026-09-27
Crosscall,Stellar-M6,Crosscall Stellar-M6,59,59,73,,101,,499,2024-11-07,V5,https://www.dxomark.com/smartphones/Crosscall/Stellar-M6,DXOMARK smartphone ranking,2026-09-27
Honor,Magic7 Lite,Honor Magic7 Lite,,,,,,164,379,2025-01-02,,https://www.dxomark.com/smartphones/Honor/Magic7-Lite,DXOMARK smartphone ranking,2026-09-27
Xiaomi,Redmi Note 14 Pro+ 5G,Xiaomi Redmi Note 14 Pro+ 5G,103,111,90,,139,,499,2025-01-10,V6,https://www.dxomark.com/smartphones/Xiaomi/Redmi-Note-14-Pro+-5G,DXOMARK smartphone ranking,2026-09-27
Xiaomi,Redmi Note 14,Xiaomi Redmi Note 14,84,106,76,,,,199,2025-01-10,V5,https://www.dxomark.com/smartphones/Xiaomi/Redmi-Note-14,DXOMARK smartphone ranking,2026-09-27
Honor,Magic7 Pro,Honor Magic7 Pro,148,148,149,,153,,1299,2025-01-15,V6,https://www.dxomark.com/smartphones/Honor/Magic7-Pro,DXOMARK smartphone ranking,2026-09-27
Samsung,Galaxy S25 Ultra,Samsung Galaxy S25 Ultra,151,152,150,,160,,1299,2025-02-07,V6,https://www.dxomark.com/smartphones/Samsung/Galaxy-S25-Ultra,DXOMARK smartphone ranking,2026-09-27
Motorola,Moto G35 5G,Motorola Moto G35 5G,75,72,84,,,,179,2024-09-25,V5,https://www.dxomark.com/smartphones/Motorola/Moto-G35-5G,DXOMARK smartphone ranking,2026-09-27
Samsung,Galaxy S25,Samsung Galaxy S25,,,,,157,,799,2025-02-07,,https://www.dxomark.com/smartphones/Samsung/Galaxy-S25,DXOMARK smartphone ranking,2026-09-27
Xiaomi,15,Xiaomi 15,147,150,133,,148,,999,2025-03-02,V5,https://www.dxomark.com/smartphones/Xiaomi/15,DXOMARK smartphone ranking,2026-09-27
Samsung,Galaxy S25+,Samsung Galaxy S25+,,,,,157,,999,2025-02-07,,https://www.dxomark.com/smartphones/Samsung/Galaxy-S25+,DXOMARK smartphone ranking,2026-09-27
Xiaomi,15 Ultra,Xiaomi 15 Ultra,159,167,143,,150,,1499,2025-03-03,V6,https://www.dxomark.com/smartphones/Xiaomi/15-Ultra,DXOMARK smartphone ranking,2026-09-27
Samsung,Galaxy A56,Samsung Galaxy A56,114,117,108,,150,,499,2025-03-02,V6,https://www.dxomark.com/smartphones/Samsung/Galaxy-A56,DXOMARK smartphone ranking,2026-09-27
Tecno,Camon 40 Pro 5G,Tecno Camon 40 Pro 5G,138,146,134,,,,269,2025-03-04,V5,https://www.dxomark.com/smartphones/Tecno/Camon-40-Pro-5G,DXOMARK smartphone ranking,2026-09-27
Google,Pixel 9a,Google Pixel 9a,128,144,100,,155,,499,2025-04-10,V6,https://www.dxomark.com/smartphones/Google/Pixel-9a,DXOMARK smartphone ranking,2026-09-27
Motorola,Edge 60 Pro,Motorola Edge 60 Pro,,,,,,164,599,2025-04-24,,https://www.dxomark.com/smartphones/Motorola/Edge-60-Pro,DXOMARK smartphone ranking,2026-09-27
Honor,400,Honor 400,,,,,149,,499,2025-05-23,,https://www.dxomark.com/smartphones/Honor/400,DXOMARK smartphone ranking,2026-09-27
Motorola,Edge 2025,Motorola Edge 2025,,,,,,152,549,2025-05-27,,https://www.dxomark.com/smartphones/Motorola/Edge-2025,DXOMARK smartphone ranking,2026-09-27
Samsung,Galaxy S25 Edge,Samsung Galaxy S25 Edge,140,144,131,,158,,1099,2025-05-30,V6,https://www.dxomark.com/smartphones/Samsung/Galaxy-S25-Edge,DXOMARK smartphone ranking,2026-09-27
Oppo,Find X8 Ultra,Oppo Find X8 Ultra,168,170,166,,,,899,2025-04-10,V6,https://www.dxomark.com/smartphones/Oppo/Find-X8-Ultra,DXOMARK smartphone ranking,2026-09-27
Oppo,Find N5,Oppo Find N5,,,,,144,,1799,2025-02-28,,https://www.dxomark.com/smartphones/Oppo/Find-N5,DXOMARK smartphone ranking,2026-09-27
Vivo,X200 Ultra,Vivo X200 Ultra,167,173,156,,149,,1100,2025-04-21,V6,https://www.dxomark.com/smartphones/Vivo/X200-Ultra,DXOMARK smartphone ranking,2026-09-27
Honor,400 Smart 5G (x7d 5G),Honor 400 Smart 5G (x7d 5G),,,,,,168,199,2025-08-01,,https://www.dxomark.com/smartphones/Honor/400-Smart-5G-(x7d-5G),DXOMARK smartphone ranking,2026-09-27
Samsung,Galaxy Z Flip7,Samsung Galaxy Z Flip7,137,142,128,,155,,1099,2025-07-25,V6,https://www.dxomark.com/smartphones/Samsung/Galaxy-Z-Flip7,DXOMARK smartphone ranking,2026-09-27
Samsung,Galaxy Z Flip7 FE,Samsung Galaxy Z Flip7 FE,,,,,150,,899,2025-07-25,,https://www.dxomark.com/smartphones/Samsung/Galaxy-Z-Flip7-FE,DXOMARK smartphone ranking,2026-09-27
Samsung,Galaxy Z Fold7,Samsung Galaxy Z Fold7,145,147,141,,155,,1999,2025-07-25,V6,https://www.dxomark.com/smartphones/Samsung/Galaxy-Z-Fold7,DXOMARK smartphone ranking,2026-09-27
Huawei,Pura 80 Ultra,Huawei Pura 80 Ultra,175,180,166,,,,1199,2025-06-11,V6,https://www.dxomark.com/smartphones/Huawei/Pura-80-Ultra,DXOMARK smartphone ranking,2026-09-27
Google,Pixel 10 Pro XL,Google Pixel 10 Pro XL,163,165,160,,161,,1299,2025-08-28,V6,https://www.dxomark.com/smartphones/Google/Pixel-10-Pro-XL,DXOMARK smartphone ranking,2026-09-27
Google,Pixel 10,Google Pixel 10,,,,,160,,899,2025-08-28,,https://www.dxomark.com/smartphones/Google/Pixel-10,DXOMARK smartphone ranking,2026-09-27
Honor,X7d (400 Smart),Honor X7d (400 Smart),,,,,,168,169,2025-08-01,,https://www.dxomark.com/smartphones/Honor/X7d-(400-Smart),DXOMARK smartphone ranking,2026-09-27
Apple,iPhone 17 Pro Max,Apple iPhone 17 Pro Max,,,,,151,,1199,2025-09-12,,https://www.dxomark.com/smartphones/Apple/iPhone-17-Pro-Max,DXOMARK smartphone ranking,2026-09-27
Honor,Magic V5,Honor Magic V5,150,164,124,,,,1699,2025-07-02,V6,https://www.dxomark.com/smartphones/Honor/Magic-V5,DXOMARK smartphone ranking,2026-09-27
Apple,iPhone 17 Pro,Apple iPhone 17 Pro,168,166,172,154,,,1099,2025-09-19,V6,https://www.dxomark.com/smartphones/Apple/iPhone-17-Pro,DXOMARK smartphone ranking,2026-09-27
Google,Pixel 10 Pro Fold,Google Pixel 10 Pro Fold,,,,,156,,1799,2025-08-01,,https://www.dxomark.com/smartphones/Google/Pixel-10-Pro-Fold,DXOMARK smartphone ranking,2026-09-27
Apple,iPhone 17,Apple iPhone 17,157,155,162,,151,,799,2025-09-19,V6,https://www.dxomark.com/smartphones/Apple/iPhone-17,DXOMARK smartphone ranking,2026-09-27
Apple,iPhone Air,Apple iPhone Air,141,134,155,,151,,999,2025-09-19,V6,https://www.dxomark.com/smartphones/Apple/iPhone-Air,DXOMARK smartphone ranking,2026-09-27
Samsung,Galaxy S25 FE,Samsung Galaxy S25 FE,118,130,98,,156,,649,2025-09-04,V6,https://www.dxomark.com/smartphones/Samsung/Galaxy-S25-FE,DXOMARK smartphone ranking,2026-09-27
Honor,Magic8 Pro,Honor Magic8 Pro,164,170,154,,,,1299,2025-10-15,V6,https://www.dxomark.com/smartphones/Honor/Magic8-Pro,DXOMARK smartphone ranking,2026-09-27
Vivo,X300 Pro,Vivo X300 Pro,171,171,169,,,,1299,2025-10-17,V6,https://www.dxomark.com/smartphones/Vivo/X300-Pro,DXOMARK smartphone ranking,2026-09-27
Motorola,Signature,Motorola Signature,164,170,154,,,,999,2026-01-07,V6,https://www.dxomark.com/smartphones/Motorola/Signature,DXOMARK smartphone ranking,2026-09-27
Xiaomi,15T Pro,Xiaomi 15T Pro,149,152,144,,,,899,2025-09-24,V6,https://www.dxomark.com/smartphones/Xiaomi/15T-Pro,DXOMARK smartphone ranking,2026-09-27
Oppo,Find X9 Pro,Oppo Find X9 Pro,166,169,159,,,,1299,2025-11-06,V6,https://www.dxomark.com/smartphones/Oppo/Find-X9-Pro,DXOMARK smartphone ranking,2026-09-27
Xiaomi,17 Pro Max,Xiaomi 17 Pro Max,159,165,146,,,,899,2025-09-25,V6,https://www.dxomark.com/smartphones/Xiaomi/17-Pro-Max,DXOMARK smartphone ranking,2026-09-27
Xiaomi,17 Ultra,Xiaomi 17 Ultra,166,170,157,,,,1299,2025-12-25,V6,https://www.dxomark.com/smartphones/Xiaomi/17-Ultra,DXOMARK smartphone ranking,2026-09-27
Motorola,Razr Fold,Motorola Razr Fold,164,169,154,,,,1999,2026-03-02,V6,https://www.dxomark.com/smartphones/Motorola/Razr-Fold,DXOMARK smartphone ranking,2026-09-27
Samsung,Galaxy S26 Ultra,Samsung Galaxy S26 Ultra,157,160,153,142,,,1299,2026-03-11,V6,https://www.dxomark.com/smartphones/Samsung/Galaxy-S26-Ultra,DXOMARK smartphone ranking,2026-09-27
Tecno,Camon 50 Ultra 5G,Tecno Camon 50 Ultra 5G,146,154,132,,,,599,2026-03-03,V6,https://www.dxomark.com/smartphones/Tecno/Camon-50-Ultra-5G,DXOMARK smartphone ranking,2026-09-27
Google,Pixel 10a,Google Pixel 10a,134,149,109,,,,549,2026-03-05,V6,https://www.dxomark.com/smartphones/Google/Pixel-10a,DXOMARK smartphone ranking,2026-09-27
Vivo,X300 Ultra,Vivo X300 Ultra,170,174,162,,,,1499,2026-04-08,V6,https://www.dxomark.com/smartphones/Vivo/X300-Ultra,DXOMARK smartphone ranking,2026-09-27
Oppo,Find X9 Ultra,Oppo Find X9 Ultra,170,175,161,,,,1699,2026-05-08,V6,https://www.dxomark.com/smartphones/Oppo/Find-X9-Ultra,DXOMARK smartphone ranking,2026-09-27
Motorola,Edge 70 Max,Motorola Edge 70 Max,,,,,,160,599,2026-07-15,,https://www.dxomark.com/smartphones/Motorola/Edge-70-Max,DXOMARK smartphone ranking,2026-09-27
Samsung,Galaxy S26,Samsung Galaxy S26,146,144,151,,,,899,2026-03-11,V6,https://www.dxomark.com/smartphones/Samsung/Galaxy-S26,DXOMARK smartphone ranking,2026-09-27
Google,Pixel 11 Pro XL,Google Pixel 11 Pro XL,168,171,162,151,,,1299,2026-08-20,V6,https://www.dxomark.com/smartphones/Google/Pixel-11-Pro-XL,DXOMARK smartphone ranking,2026-09-27
Google,Pixel 11,Google Pixel 11,154,161,142,,,,899,2026-08-20,V6,https://www.dxomark.com/smartphones/Google/Pixel-11,DXOMARK smartphone ranking,2026-09-27
Apple,iPhone 18 Pro,Apple iPhone 18 Pro,172,171,176,,,,1199,2026-09-18,V6,https://www.dxomark.com/smartphones/Apple/iPhone-18-Pro,DXOMARK smartphone ranking,2026-09-27
